entity_id,views,list_views,searches,cart_adds,cart_updates,checkouts,orders,reviews,chat_messages,buy_score_heuristic,top_category,has_order,behavior_label,label_confidence,event_count,first_event_at,last_event_at
bench-window_shopper-054,2,1,0,0,0,0,0,0,0,6,mobile,0,impulse_buyer,0.52,4,2026-04-13T17:43:36.256248+00:00,2026-04-15T02:12:35.256248+00:00
bench-impulse_buyer-006,1,1,0,1,0,1,1,0,0,20,computer,1,impulse_buyer,0.82,5,2026-04-14T21:54:32.256248+00:00,2026-04-16T01:58:34.256248+00:00
bench-window_shopper-018,2,1,0,0,0,0,0,0,0,6,mobile,0,impulse_buyer,0.52,4,2026-04-14T00:52:35.256248+00:00,2026-04-16T07:56:34.256248+00:00
bench-window_shopper-038,2,1,0,0,0,0,0,0,0,6,computer,0,impulse_buyer,0.52,4,2026-04-13T21:32:34.256248+00:00,2026-04-16T16:16:33.256248+00:00
bench-loyal_customer-054,1,0,0,1,0,1,2,1,0,30,mobile,1,loyal_customer,0.9,6,2026-04-13T10:46:36.256248+00:00,2026-04-16T17:18:35.256248+00:00
bench-window_shopper-001,2,1,0,0,0,0,0,0,0,6,mobile,0,impulse_buyer,0.52,4,2026-04-13T14:40:34.256248+00:00,2026-04-16T17:53:36.256248+00:00
bench-impulse_buyer-039,1,1,0,1,0,1,1,0,0,20,computer,1,impulse_buyer,0.82,5,2026-04-14T11:45:32.256248+00:00,2026-04-16T21:36:33.256248+00:00
bench-price_sensitive-034,1,0,2,1,1,0,0,0,0,12,mobile,0,researcher,0.58,6,2026-04-14T11:16:35.256248+00:00,2026-04-16T22:07:33.256248+00:00
bench-window_shopper-045,2,1,0,0,0,0,0,0,0,6,mobile,0,impulse_buyer,0.52,4,2026-04-14T14:14:34.256248+00:00,2026-04-17T01:26:36.256248+00:00
bench-price_sensitive-000,1,0,2,1,1,0,0,0,0,12,mobile,0,researcher,0.58,6,2026-04-13T15:54:34.256248+00:00,2026-04-17T01:39:33.256248+00:00
bench-researcher-030,2,1,2,0,0,0,0,0,1,11,mobile,0,researcher,0.58,6,2026-04-13T10:27:34.256248+00:00,2026-04-17T04:13:31.256248+00:00
bench-window_shopper-000,2,1,0,0,0,0,0,0,0,6,mobile,0,impulse_buyer,0.52,4,2026-04-13T19:42:34.256248+00:00,2026-04-17T05:06:33.256248+00:00
bench-price_sensitive-049,1,0,2,1,1,0,0,0,0,12,mobile,0,researcher,0.58,6,2026-04-13T20:17:32.256248+00:00,2026-04-17T06:14:36.256248+00:00
bench-window_shopper-048,2,1,0,0,0,0,0,0,0,6,mobile,0,impulse_buyer,0.52,4,2026-04-13T12:42:33.256248+00:00,2026-04-17T06:39:35.256248+00:00
bench-impulse_buyer-059,1,1,0,1,0,1,1,0,0,20,clothes,1,impulse_buyer,0.82,5,2026-04-13T10:23:33.256248+00:00,2026-04-17T06:42:36.256248+00:00
bench-window_shopper-056,2,1,0,0,0,0,0,0,0,6,mobile,0,impulse_buyer,0.52,4,2026-04-15T14:10:34.256248+00:00,2026-04-17T08:31:36.256248+00:00
bench-window_shopper-028,2,1,0,0,0,0,0,0,0,6,clothes,0,impulse_buyer,0.52,4,2026-04-14T02:31:35.256248+00:00,2026-04-17T10:25:36.256248+00:00
bench-impulse_buyer-029,1,1,0,1,0,1,1,0,0,20,mobile,1,impulse_buyer,0.82,5,2026-04-14T01:15:34.256248+00:00,2026-04-17T11:13:35.256248+00:00
bench-window_shopper-055,2,1,0,0,0,0,0,0,0,6,mobile,0,impulse_buyer,0.52,4,2026-04-15T16:13:36.256248+00:00,2026-04-17T11:35:34.256248+00:00
bench-impulse_buyer-042,1,1,0,1,0,1,1,0,0,20,clothes,1,impulse_buyer,0.82,5,2026-04-15T23:29:36.256248+00:00,2026-04-17T14:35:34.256248+00:00
bench-researcher-003,2,1,2,0,0,0,0,0,1,11,mobile,0,researcher,0.58,6,2026-04-13T10:07:32.256248+00:00,2026-04-17T15:14:34.256248+00:00
bench-window_shopper-043,2,1,0,0,0,0,0,0,0,6,computer,0,impulse_buyer,0.52,4,2026-04-13T17:20:33.256248+00:00,2026-04-17T15:18:34.256248+00:00
bench-researcher-033,2,1,2,0,0,0,0,0,1,11,computer,0,researcher,0.58,6,2026-04-13T13:38:34.256248+00:00,2026-04-17T15:37:35.256248+00:00
bench-researcher-020,2,1,2,0,0,0,0,0,1,11,mobile,0,researcher,0.58,6,2026-04-14T17:52:31.256248+00:00,2026-04-17T16:09:33.256248+00:00
bench-impulse_buyer-057,1,1,0,1,0,1,1,0,0,20,clothes,1,impulse_buyer,0.82,5,2026-04-14T20:28:36.256248+00:00,2026-04-17T16:48:32.256248+00:00
bench-loyal_customer-032,1,0,0,1,0,1,2,1,0,30,computer,1,loyal_customer,0.9,6,2026-04-15T03:04:36.256248+00:00,2026-04-17T17:48:31.256248+00:00
bench-window_shopper-027,2,1,0,0,0,0,0,0,0,6,clothes,0,impulse_buyer,0.52,4,2026-04-13T14:45:34.256248+00:00,2026-04-17T19:03:33.256248+00:00
bench-impulse_buyer-055,1,1,0,1,0,1,1,0,0,20,computer,1,impulse_buyer,0.82,5,2026-04-13T14:48:33.256248+00:00,2026-04-17T21:34:32.256248+00:00
bench-impulse_buyer-053,1,1,0,1,0,1,1,0,0,20,computer,1,impulse_buyer,0.82,5,2026-04-13T21:41:35.256248+00:00,2026-04-17T22:16:34.256248+00:00
bench-researcher-034,2,1,2,0,0,0,0,0,1,11,mobile,0,researcher,0.58,6,2026-04-13T12:23:35.256248+00:00,2026-04-17T22:36:34.256248+00:00
bench-price_sensitive-043,1,0,2,1,1,0,0,0,0,12,clothes,0,researcher,0.58,6,2026-04-14T12:10:34.256248+00:00,2026-04-17T23:15:36.256248+00:00
bench-impulse_buyer-008,1,1,0,1,0,1,1,0,0,20,mobile,1,impulse_buyer,0.82,5,2026-04-13T23:53:35.256248+00:00,2026-04-17T23:56:32.256248+00:00
bench-loyal_customer-024,1,0,0,1,0,1,2,1,0,30,mobile,1,loyal_customer,0.9,6,2026-04-15T22:08:31.256248+00:00,2026-04-18T00:37:35.256248+00:00
bench-price_sensitive-021,1,0,2,1,1,0,0,0,0,12,computer,0,researcher,0.58,6,2026-04-13T12:57:32.256248+00:00,2026-04-18T00:39:36.256248+00:00
bench-price_sensitive-005,1,0,2,1,1,0,0,0,0,12,clothes,0,researcher,0.58,6,2026-04-14T10:22:36.256248+00:00,2026-04-18T01:04:35.256248+00:00
bench-window_shopper-037,2,1,0,0,0,0,0,0,0,6,computer,0,impulse_buyer,0.52,4,2026-04-13T15:55:35.256248+00:00,2026-04-18T01:13:34.256248+00:00
bench-researcher-027,2,1,2,0,0,0,0,0,1,11,clothes,0,researcher,0.58,6,2026-04-13T17:20:31.256248+00:00,2026-04-18T01:18:33.256248+00:00
bench-price_sensitive-045,1,0,2,1,1,0,0,0,0,12,mobile,0,researcher,0.58,6,2026-04-14T16:11:31.256248+00:00,2026-04-18T01:26:32.256248+00:00
bench-impulse_buyer-030,1,1,0,1,0,1,1,0,0,20,clothes,1,impulse_buyer,0.82,5,2026-04-16T01:50:34.256248+00:00,2026-04-18T01:53:32.256248+00:00
bench-researcher-054,2,1,2,0,0,0,0,0,1,11,clothes,0,researcher,0.58,6,2026-04-14T13:12:31.256248+00:00,2026-04-18T01:55:32.256248+00:00
bench-price_sensitive-008,1,0,2,1,1,0,0,0,0,12,computer,0,researcher,0.58,6,2026-04-14T17:21:32.256248+00:00,2026-04-18T02:55:36.256248+00:00
bench-loyal_customer-022,1,0,0,1,0,1,2,1,0,30,clothes,1,loyal_customer,0.9,6,2026-04-13T10:45:35.256248+00:00,2026-04-18T04:07:32.256248+00:00
bench-loyal_customer-013,1,0,0,1,0,1,2,1,0,30,clothes,1,loyal_customer,0.9,6,2026-04-14T16:51:32.256248+00:00,2026-04-18T04:18:34.256248+00:00
bench-price_sensitive-012,1,0,2,1,1,0,0,0,0,12,computer,0,researcher,0.58,6,2026-04-13T12:23:33.256248+00:00,2026-04-18T04:59:32.256248+00:00
bench-impulse_buyer-021,1,1,0,1,0,1,1,0,0,20,clothes,1,impulse_buyer,0.82,5,2026-04-15T06:07:36.256248+00:00,2026-04-18T05:55:34.256248+00:00
bench-researcher-009,2,1,2,0,0,0,0,0,1,11,mobile,0,researcher,0.58,6,2026-04-14T07:04:35.256248+00:00,2026-04-18T06:11:36.256248+00:00
bench-impulse_buyer-025,1,1,0,1,0,1,1,0,0,20,mobile,1,impulse_buyer,0.82,5,2026-04-15T06:38:33.256248+00:00,2026-04-18T08:33:35.256248+00:00
bench-researcher-015,2,1,2,0,0,0,0,0,1,11,mobile,0,researcher,0.58,6,2026-04-15T00:35:36.256248+00:00,2026-04-18T08:43:34.256248+00:00
bench-loyal_customer-005,1,0,0,1,0,1,2,1,0,30,mobile,1,loyal_customer,0.9,6,2026-04-13T09:48:33.256248+00:00,2026-04-18T09:42:34.256248+00:00
bench-impulse_buyer-027,1,1,0,1,0,1,1,0,0,20,clothes,1,impulse_buyer,0.82,5,2026-04-14T08:46:33.256248+00:00,2026-04-18T09:44:32.256248+00:00
bench-impulse_buyer-050,1,1,0,1,0,1,1,0,0,20,computer,1,impulse_buyer,0.82,5,2026-04-13T15:09:32.256248+00:00,2026-04-18T09:45:36.256248+00:00
bench-window_shopper-024,2,1,0,0,0,0,0,0,0,6,computer,0,impulse_buyer,0.52,4,2026-04-16T02:37:34.256248+00:00,2026-04-18T09:54:33.256248+00:00
bench-researcher-024,2,1,2,0,0,0,0,0,1,11,mobile,0,researcher,0.58,6,2026-04-15T14:35:34.256248+00:00,2026-04-18T10:11:36.256248+00:00
bench-window_shopper-044,2,1,0,0,0,0,0,0,0,6,computer,0,impulse_buyer,0.52,4,2026-04-14T19:10:34.256248+00:00,2026-04-18T10:20:33.256248+00:00
bench-loyal_customer-030,1,0,0,1,0,1,2,1,0,30,mobile,1,loyal_customer,0.9,6,2026-04-14T21:15:34.256248+00:00,2026-04-18T10:34:35.256248+00:00
bench-impulse_buyer-023,1,1,0,1,0,1,1,0,0,20,mobile,1,impulse_buyer,0.82,5,2026-04-15T19:01:32.256248+00:00,2026-04-18T11:13:36.256248+00:00
bench-window_shopper-051,2,1,0,0,0,0,0,0,0,6,computer,0,impulse_buyer,0.52,4,2026-04-13T13:18:33.256248+00:00,2026-04-18T11:20:34.256248+00:00
bench-impulse_buyer-013,1,1,0,1,0,1,1,0,0,20,mobile,1,impulse_buyer,0.82,5,2026-04-13T15:39:36.256248+00:00,2026-04-18T11:21:33.256248+00:00
bench-impulse_buyer-016,1,1,0,1,0,1,1,0,0,20,clothes,1,impulse_buyer,0.82,5,2026-04-15T05:14:34.256248+00:00,2026-04-18T11:21:36.256248+00:00
bench-impulse_buyer-005,1,1,0,1,0,1,1,0,0,20,computer,1,impulse_buyer,0.82,5,2026-04-15T22:13:33.256248+00:00,2026-04-18T11:45:35.256248+00:00
bench-window_shopper-023,2,1,0,0,0,0,0,0,0,6,computer,0,impulse_buyer,0.52,4,2026-04-13T23:10:36.256248+00:00,2026-04-18T12:33:35.256248+00:00
bench-researcher-048,2,1,2,0,0,0,0,0,1,11,computer,0,researcher,0.58,6,2026-04-13T17:42:31.256248+00:00,2026-04-18T13:07:33.256248+00:00
bench-impulse_buyer-014,1,1,0,1,0,1,1,0,0,20,mobile,1,impulse_buyer,0.82,5,2026-04-13T15:13:33.256248+00:00,2026-04-18T13:44:34.256248+00:00
bench-researcher-026,2,1,2,0,0,0,0,0,1,11,clothes,0,researcher,0.58,6,2026-04-13T17:19:32.256248+00:00,2026-04-18T13:54:34.256248+00:00
bench-impulse_buyer-049,1,1,0,1,0,1,1,0,0,20,computer,1,impulse_buyer,0.82,5,2026-04-13T17:40:36.256248+00:00,2026-04-18T14:49:35.256248+00:00
bench-loyal_customer-001,1,0,0,1,0,1,2,1,0,30,clothes,1,loyal_customer,0.9,6,2026-04-13T13:39:34.256248+00:00,2026-04-18T15:24:36.256248+00:00
bench-price_sensitive-024,1,0,2,1,1,0,0,0,0,12,computer,0,researcher,0.58,6,2026-04-14T13:24:35.256248+00:00,2026-04-18T15:37:36.256248+00:00
bench-price_sensitive-031,1,0,2,1,1,0,0,0,0,12,mobile,0,researcher,0.58,6,2026-04-13T21:26:36.256248+00:00,2026-04-18T16:19:34.256248+00:00
bench-price_sensitive-036,1,0,2,1,1,0,0,0,0,12,computer,0,researcher,0.58,6,2026-04-14T09:50:34.256248+00:00,2026-04-18T16:19:36.256248+00:00
bench-price_sensitive-055,1,0,2,1,1,0,0,0,0,12,computer,0,researcher,0.58,6,2026-04-13T15:22:34.256248+00:00,2026-04-18T16:25:31.256248+00:00
bench-loyal_customer-034,1,0,0,1,0,1,2,1,0,30,mobile,1,loyal_customer,0.9,6,2026-04-13T14:24:33.256248+00:00,2026-04-18T16:31:32.256248+00:00
bench-impulse_buyer-011,1,1,0,1,0,1,1,0,0,20,clothes,1,impulse_buyer,0.82,5,2026-04-14T04:53:32.256248+00:00,2026-04-18T16:31:33.256248+00:00
bench-window_shopper-035,2,1,0,0,0,0,0,0,0,6,clothes,0,impulse_buyer,0.52,4,2026-04-16T07:26:34.256248+00:00,2026-04-18T16:38:35.256248+00:00
bench-window_shopper-002,2,1,0,0,0,0,0,0,0,6,computer,0,impulse_buyer,0.52,4,2026-04-16T10:27:34.256248+00:00,2026-04-18T16:49:35.256248+00:00
bench-price_sensitive-023,1,0,2,1,1,0,0,0,0,12,computer,0,researcher,0.58,6,2026-04-14T05:14:32.256248+00:00,2026-04-18T17:01:31.256248+00:00
bench-loyal_customer-016,1,0,0,1,0,1,2,1,0,30,mobile,1,loyal_customer,0.9,6,2026-04-13T10:21:32.256248+00:00,2026-04-18T17:31:36.256248+00:00
bench-researcher-017,2,1,2,0,0,0,0,0,1,11,mobile,0,researcher,0.58,6,2026-04-14T06:31:36.256248+00:00,2026-04-18T17:45:31.256248+00:00
bench-window_shopper-016,2,1,0,0,0,0,0,0,0,6,clothes,0,impulse_buyer,0.52,4,2026-04-13T15:31:35.256248+00:00,2026-04-18T17:54:33.256248+00:00
bench-window_shopper-031,2,1,0,0,0,0,0,0,0,6,clothes,0,impulse_buyer,0.52,4,2026-04-14T21:46:35.256248+00:00,2026-04-18T18:15:34.256248+00:00
bench-impulse_buyer-032,1,1,0,1,0,1,1,0,0,20,computer,1,impulse_buyer,0.82,5,2026-04-14T23:45:35.256248+00:00,2026-04-18T18:27:32.256248+00:00
bench-loyal_customer-051,1,0,0,1,0,1,2,1,0,30,computer,1,loyal_customer,0.9,6,2026-04-13T12:20:36.256248+00:00,2026-04-18T18:47:31.256248+00:00
bench-price_sensitive-004,1,0,2,1,1,0,0,0,0,12,mobile,0,researcher,0.58,6,2026-04-14T06:53:31.256248+00:00,2026-04-18T18:47:34.256248+00:00
bench-price_sensitive-057,1,0,2,1,1,0,0,0,0,12,clothes,0,researcher,0.58,6,2026-04-15T03:54:31.256248+00:00,2026-04-18T19:07:36.256248+00:00
bench-researcher-007,2,1,2,0,0,0,0,0,1,11,computer,0,researcher,0.58,6,2026-04-14T04:15:33.256248+00:00,2026-04-18T19:11:36.256248+00:00
bench-window_shopper-040,2,1,0,0,0,0,0,0,0,6,computer,0,impulse_buyer,0.52,4,2026-04-15T07:39:33.256248+00:00,2026-04-18T20:21:35.256248+00:00
bench-loyal_customer-011,1,0,0,1,0,1,2,1,0,30,clothes,1,loyal_customer,0.9,6,2026-04-13T16:52:32.256248+00:00,2026-04-18T20:22:36.256248+00:00
bench-loyal_customer-004,1,0,0,1,0,1,2,1,0,30,clothes,1,loyal_customer,0.9,6,2026-04-14T23:50:34.256248+00:00,2026-04-18T20:48:32.256248+00:00
bench-window_shopper-030,2,1,0,0,0,0,0,0,0,6,mobile,0,impulse_buyer,0.52,4,2026-04-13T13:16:35.256248+00:00,2026-04-18T20:54:33.256248+00:00
bench-researcher-032,2,1,2,0,0,0,0,0,1,11,clothes,0,researcher,0.58,6,2026-04-15T09:08:32.256248+00:00,2026-04-18T21:28:36.256248+00:00
bench-impulse_buyer-043,1,1,0,1,0,1,1,0,0,20,computer,1,impulse_buyer,0.82,5,2026-04-15T04:19:33.256248+00:00,2026-04-18T21:39:32.256248+00:00
bench-window_shopper-007,2,1,0,0,0,0,0,0,0,6,computer,0,impulse_buyer,0.52,4,2026-04-14T00:09:35.256248+00:00,2026-04-18T21:53:36.256248+00:00
bench-impulse_buyer-020,1,1,0,1,0,1,1,0,0,20,mobile,1,impulse_buyer,0.82,5,2026-04-15T21:37:35.256248+00:00,2026-04-18T21:54:33.256248+00:00
bench-researcher-037,2,1,2,0,0,0,0,0,1,11,computer,0,researcher,0.58,6,2026-04-14T02:57:33.256248+00:00,2026-04-18T22:24:34.256248+00:00
bench-window_shopper-026,2,1,0,0,0,0,0,0,0,6,clothes,0,impulse_buyer,0.52,4,2026-04-13T17:34:36.256248+00:00,2026-04-18T22:51:35.256248+00:00
bench-researcher-056,2,1,2,0,0,0,0,0,1,11,mobile,0,researcher,0.58,6,2026-04-13T15:20:33.256248+00:00,2026-04-18T23:59:35.256248+00:00
bench-researcher-035,2,1,2,0,0,0,0,0,1,11,clothes,0,researcher,0.58,6,2026-04-13T15:27:35.256248+00:00,2026-04-19T00:16:32.256248+00:00
bench-price_sensitive-014,1,0,2,1,1,0,0,0,0,12,computer,0,researcher,0.58,6,2026-04-17T00:57:36.256248+00:00,2026-04-19T00:21:32.256248+00:00
bench-loyal_customer-002,1,0,0,1,0,1,2,1,0,30,computer,1,loyal_customer,0.9,6,2026-04-14T23:59:32.256248+00:00,2026-04-19T00:36:34.256248+00:00
bench-impulse_buyer-046,1,1,0,1,0,1,1,0,0,20,clothes,1,impulse_buyer,0.82,5,2026-04-14T12:10:35.256248+00:00,2026-04-19T00:51:32.256248+00:00
bench-price_sensitive-039,1,0,2,1,1,0,0,0,0,12,computer,0,researcher,0.58,6,2026-04-15T00:50:31.256248+00:00,2026-04-19T00:54:32.256248+00:00
bench-loyal_customer-028,1,0,0,1,0,1,2,1,0,30,mobile,1,loyal_customer,0.9,6,2026-04-15T10:55:32.256248+00:00,2026-04-19T01:43:33.256248+00:00
bench-price_sensitive-001,1,0,2,1,1,0,0,0,0,12,mobile,0,researcher,0.58,6,2026-04-14T06:47:34.256248+00:00,2026-04-19T01:56:31.256248+00:00
bench-window_shopper-058,2,1,0,0,0,0,0,0,0,6,computer,0,impulse_buyer,0.52,4,2026-04-13T10:10:34.256248+00:00,2026-04-19T01:59:33.256248+00:00
bench-window_shopper-047,2,1,0,0,0,0,0,0,0,6,clothes,0,impulse_buyer,0.52,4,2026-04-15T12:50:34.256248+00:00,2026-04-19T02:26:35.256248+00:00
bench-price_sensitive-040,1,0,2,1,1,0,0,0,0,12,mobile,0,researcher,0.58,6,2026-04-13T20:36:34.256248+00:00,2026-04-19T02:28:32.256248+00:00
bench-loyal_customer-019,1,0,0,1,0,1,2,1,0,30,clothes,1,loyal_customer,0.9,6,2026-04-13T12:03:32.256248+00:00,2026-04-19T02:43:35.256248+00:00
bench-researcher-038,2,1,2,0,0,0,0,0,1,11,clothes,0,researcher,0.58,6,2026-04-14T06:43:35.256248+00:00,2026-04-19T02:52:31.256248+00:00
bench-loyal_customer-026,1,0,0,1,0,1,2,1,0,30,computer,1,loyal_customer,0.9,6,2026-04-15T08:39:32.256248+00:00,2026-04-19T03:08:34.256248+00:00
bench-loyal_customer-025,1,0,0,1,0,1,2,1,0,30,mobile,1,loyal_customer,0.9,6,2026-04-13T19:50:31.256248+00:00,2026-04-19T03:26:36.256248+00:00
bench-loyal_customer-033,1,0,0,1,0,1,2,1,0,30,computer,1,loyal_customer,0.9,6,2026-04-13T14:44:33.256248+00:00,2026-04-19T03:36:31.256248+00:00
bench-price_sensitive-058,1,0,2,1,1,0,0,0,0,12,computer,0,researcher,0.58,6,2026-04-16T06:26:35.256248+00:00,2026-04-19T03:49:36.256248+00:00
bench-researcher-018,2,1,2,0,0,0,0,0,1,11,clothes,0,researcher,0.58,6,2026-04-13T16:53:35.256248+00:00,2026-04-19T03:51:33.256248+00:00
bench-impulse_buyer-018,1,1,0,1,0,1,1,0,0,20,computer,1,impulse_buyer,0.82,5,2026-04-14T21:59:32.256248+00:00,2026-04-19T03:56:36.256248+00:00
bench-loyal_customer-038,1,0,0,1,0,1,2,1,0,30,mobile,1,loyal_customer,0.9,6,2026-04-13T21:36:36.256248+00:00,2026-04-19T04:05:31.256248+00:00
bench-window_shopper-052,2,1,0,0,0,0,0,0,0,6,mobile,0,impulse_buyer,0.52,4,2026-04-15T11:21:34.256248+00:00,2026-04-19T04:05:36.256248+00:00
bench-price_sensitive-028,1,0,2,1,1,0,0,0,0,12,computer,0,researcher,0.58,6,2026-04-13T13:39:33.256248+00:00,2026-04-19T04:15:34.256248+00:00
bench-impulse_buyer-003,1,1,0,1,0,1,1,0,0,20,computer,1,impulse_buyer,0.82,5,2026-04-16T08:39:33.256248+00:00,2026-04-19T04:35:32.256248+00:00
bench-impulse_buyer-038,1,1,0,1,0,1,1,0,0,20,computer,1,impulse_buyer,0.82,5,2026-04-16T04:09:33.256248+00:00,2026-04-19T05:40:35.256248+00:00
bench-impulse_buyer-017,1,1,0,1,0,1,1,0,0,20,computer,1,impulse_buyer,0.82,5,2026-04-14T13:03:33.256248+00:00,2026-04-19T05:57:36.256248+00:00
bench-researcher-055,2,1,2,0,0,0,0,0,1,11,computer,0,researcher,0.58,6,2026-04-15T17:08:32.256248+00:00,2026-04-19T06:08:36.256248+00:00
bench-researcher-059,2,1,2,0,0,0,0,0,1,11,clothes,0,researcher,0.58,6,2026-04-14T00:08:31.256248+00:00,2026-04-19T06:13:33.256248+00:00
bench-impulse_buyer-002,1,1,0,1,0,1,1,0,0,20,clothes,1,impulse_buyer,0.82,5,2026-04-15T11:01:35.256248+00:00,2026-04-19T06:46:36.256248+00:00
bench-window_shopper-034,2,1,0,0,0,0,0,0,0,6,computer,0,impulse_buyer,0.52,4,2026-04-14T18:36:34.256248+00:00,2026-04-19T07:05:33.256248+00:00
bench-window_shopper-003,2,1,0,0,0,0,0,0,0,6,mobile,0,impulse_buyer,0.52,4,2026-04-16T16:16:34.256248+00:00,2026-04-19T07:09:33.256248+00:00
bench-price_sensitive-046,1,0,2,1,1,0,0,0,0,12,mobile,0,researcher,0.58,6,2026-04-15T01:31:33.256248+00:00,2026-04-19T07:17:31.256248+00:00
bench-impulse_buyer-058,1,1,0,1,0,1,1,0,0,20,mobile,1,impulse_buyer,0.82,5,2026-04-14T04:43:34.256248+00:00,2026-04-19T07:20:35.256248+00:00
bench-price_sensitive-029,1,0,2,1,1,0,0,0,0,12,mobile,0,researcher,0.58,6,2026-04-13T21:25:34.256248+00:00,2026-04-19T07:24:32.256248+00:00
bench-window_shopper-050,2,1,0,0,0,0,0,0,0,6,mobile,0,impulse_buyer,0.52,4,2026-04-14T10:54:33.256248+00:00,2026-04-19T07:28:34.256248+00:00
bench-researcher-022,2,1,2,0,0,0,0,0,1,11,mobile,0,researcher,0.58,6,2026-04-14T15:05:35.256248+00:00,2026-04-19T07:32:31.256248+00:00
bench-loyal_customer-046,1,0,0,1,0,1,2,1,0,30,mobile,1,loyal_customer,0.9,6,2026-04-13T23:54:32.256248+00:00,2026-04-19T07:53:34.256248+00:00
bench-price_sensitive-009,1,0,2,1,1,0,0,0,0,12,clothes,0,researcher,0.58,6,2026-04-13T23:58:34.256248+00:00,2026-04-19T08:08:33.256248+00:00
bench-price_sensitive-011,1,0,2,1,1,0,0,0,0,12,clothes,0,researcher,0.58,6,2026-04-15T02:59:31.256248+00:00,2026-04-19T08:12:35.256248+00:00
bench-loyal_customer-003,1,0,0,1,0,1,2,1,0,30,clothes,1,loyal_customer,0.9,6,2026-04-13T10:54:34.256248+00:00,2026-04-19T08:30:35.256248+00:00
bench-researcher-025,2,1,2,0,0,0,0,0,1,11,computer,0,researcher,0.58,6,2026-04-15T19:24:32.256248+00:00,2026-04-19T08:30:36.256248+00:00
bench-window_shopper-025,2,1,0,0,0,0,0,0,0,6,mobile,0,impulse_buyer,0.52,4,2026-04-17T01:33:36.256248+00:00,2026-04-19T08:46:35.256248+00:00
bench-impulse_buyer-037,1,1,0,1,0,1,1,0,0,20,mobile,1,impulse_buyer,0.82,5,2026-04-13T09:51:33.256248+00:00,2026-04-19T09:13:36.256248+00:00
bench-window_shopper-019,2,1,0,0,0,0,0,0,0,6,computer,0,impulse_buyer,0.52,4,2026-04-13T21:34:35.256248+00:00,2026-04-19T09:16:36.256248+00:00
bench-price_sensitive-010,1,0,2,1,1,0,0,0,0,12,mobile,0,researcher,0.58,6,2026-04-15T09:06:35.256248+00:00,2026-04-19T09:25:34.256248+00:00
bench-impulse_buyer-001,1,1,0,1,0,1,1,0,0,20,mobile,1,impulse_buyer,0.82,5,2026-04-16T02:16:36.256248+00:00,2026-04-19T09:27:32.256248+00:00
bench-loyal_customer-057,1,0,0,1,0,1,2,1,0,30,mobile,1,loyal_customer,0.9,6,2026-04-15T12:41:32.256248+00:00,2026-04-19T09:35:36.256248+00:00
bench-impulse_buyer-034,1,1,0,1,0,1,1,0,0,20,computer,1,impulse_buyer,0.82,5,2026-04-14T06:42:36.256248+00:00,2026-04-19T09:43:35.256248+00:00
bench-researcher-012,2,1,2,0,0,0,0,0,1,11,mobile,0,researcher,0.58,6,2026-04-14T23:02:36.256248+00:00,2026-04-19T09:49:32.256248+00:00
bench-researcher-051,2,1,2,0,0,0,0,0,1,11,computer,0,researcher,0.58,6,2026-04-14T11:40:36.256248+00:00,2026-04-19T10:00:34.256248+00:00
bench-window_shopper-006,2,1,0,0,0,0,0,0,0,6,mobile,0,impulse_buyer,0.52,4,2026-04-14T06:26:34.256248+00:00,2026-04-19T10:06:35.256248+00:00
bench-window_shopper-029,2,1,0,0,0,0,0,0,0,6,mobile,0,impulse_buyer,0.52,4,2026-04-16T03:38:36.256248+00:00,2026-04-19T10:07:35.256248+00:00
bench-loyal_customer-012,1,0,0,1,0,1,2,1,0,30,clothes,1,loyal_customer,0.9,6,2026-04-14T19:50:31.256248+00:00,2026-04-19T10:19:32.256248+00:00
bench-window_shopper-022,2,1,0,0,0,0,0,0,0,6,mobile,0,impulse_buyer,0.52,4,2026-04-13T14:36:33.256248+00:00,2026-04-19T10:25:34.256248+00:00
bench-window_shopper-020,2,1,0,0,0,0,0,0,0,6,clothes,0,impulse_buyer,0.52,4,2026-04-16T00:44:33.256248+00:00,2026-04-19T10:53:34.256248+00:00
bench-researcher-016,2,1,2,0,0,0,0,0,1,11,clothes,0,researcher,0.58,6,2026-04-14T07:23:35.256248+00:00,2026-04-19T10:54:34.256248+00:00
bench-impulse_buyer-007,1,1,0,1,0,1,1,0,0,20,computer,1,impulse_buyer,0.82,5,2026-04-15T05:35:35.256248+00:00,2026-04-19T10:59:32.256248+00:00
bench-impulse_buyer-048,1,1,0,1,0,1,1,0,0,20,clothes,1,impulse_buyer,0.82,5,2026-04-13T11:36:35.256248+00:00,2026-04-19T11:05:34.256248+00:00
bench-loyal_customer-029,1,0,0,1,0,1,2,1,0,30,computer,1,loyal_customer,0.9,6,2026-04-14T03:45:35.256248+00:00,2026-04-19T11:07:31.256248+00:00
bench-window_shopper-036,2,1,0,0,0,0,0,0,0,6,clothes,0,impulse_buyer,0.52,4,2026-04-14T12:10:33.256248+00:00,2026-04-19T11:26:36.256248+00:00
bench-researcher-053,2,1,2,0,0,0,0,0,1,11,clothes,0,researcher,0.58,6,2026-04-14T00:56:33.256248+00:00,2026-04-19T11:33:35.256248+00:00
bench-loyal_customer-020,1,0,0,1,0,1,2,1,0,30,computer,1,loyal_customer,0.9,6,2026-04-13T18:06:33.256248+00:00,2026-04-19T11:41:31.256248+00:00
bench-window_shopper-011,2,1,0,0,0,0,0,0,0,6,clothes,0,impulse_buyer,0.52,4,2026-04-16T07:08:34.256248+00:00,2026-04-19T11:57:36.256248+00:00
bench-loyal_customer-055,1,0,0,1,0,1,2,1,0,30,mobile,1,loyal_customer,0.9,6,2026-04-14T13:38:33.256248+00:00,2026-04-19T12:00:36.256248+00:00
bench-researcher-031,2,1,2,0,0,0,0,0,1,11,mobile,0,researcher,0.58,6,2026-04-14T11:15:33.256248+00:00,2026-04-19T12:44:31.256248+00:00
bench-price_sensitive-054,1,0,2,1,1,0,0,0,0,12,computer,0,researcher,0.58,6,2026-04-13T22:03:33.256248+00:00,2026-04-19T13:13:36.256248+00:00
bench-window_shopper-015,2,1,0,0,0,0,0,0,0,6,mobile,0,impulse_buyer,0.52,4,2026-04-14T16:19:34.256248+00:00,2026-04-19T13:20:36.256248+00:00
bench-window_shopper-004,2,1,0,0,0,0,0,0,0,6,computer,0,impulse_buyer,0.52,4,2026-04-16T20:50:33.256248+00:00,2026-04-19T13:36:35.256248+00:00
bench-impulse_buyer-033,1,1,0,1,0,1,1,0,0,20,computer,1,impulse_buyer,0.82,5,2026-04-14T03:54:36.256248+00:00,2026-04-19T13:52:34.256248+00:00
bench-price_sensitive-053,1,0,2,1,1,0,0,0,0,12,clothes,0,researcher,0.58,6,2026-04-13T22:39:34.256248+00:00,2026-04-19T13:56:33.256248+00:00
bench-impulse_buyer-051,1,1,0,1,0,1,1,0,0,20,computer,1,impulse_buyer,0.82,5,2026-04-14T13:07:33.256248+00:00,2026-04-19T14:09:34.256248+00:00
bench-loyal_customer-021,1,0,0,1,0,1,2,1,0,30,clothes,1,loyal_customer,0.9,6,2026-04-15T21:25:35.256248+00:00,2026-04-19T14:09:34.256248+00:00
bench-loyal_customer-008,1,0,0,1,0,1,2,1,0,30,clothes,1,loyal_customer,0.9,6,2026-04-14T16:33:36.256248+00:00,2026-04-19T14:10:33.256248+00:00
bench-impulse_buyer-044,1,1,0,1,0,1,1,0,0,20,clothes,1,impulse_buyer,0.82,5,2026-04-15T06:51:34.256248+00:00,2026-04-19T14:29:33.256248+00:00
bench-loyal_customer-052,1,0,0,1,0,1,2,1,0,30,clothes,1,loyal_customer,0.9,6,2026-04-16T05:32:35.256248+00:00,2026-04-19T14:32:31.256248+00:00
bench-researcher-028,2,1,2,0,0,0,0,0,1,11,computer,0,researcher,0.58,6,2026-04-13T23:11:34.256248+00:00,2026-04-19T14:36:32.256248+00:00
bench-loyal_customer-047,1,0,0,1,0,1,2,1,0,30,clothes,1,loyal_customer,0.9,6,2026-04-14T05:32:31.256248+00:00,2026-04-19T15:03:34.256248+00:00
bench-impulse_buyer-056,1,1,0,1,0,1,1,0,0,20,mobile,1,impulse_buyer,0.82,5,2026-04-17T09:49:32.256248+00:00,2026-04-19T15:18:33.256248+00:00
bench-price_sensitive-033,1,0,2,1,1,0,0,0,0,12,mobile,0,researcher,0.58,6,2026-04-13T22:22:32.256248+00:00,2026-04-19T15:27:35.256248+00:00
bench-price_sensitive-048,1,0,2,1,1,0,0,0,0,12,clothes,0,researcher,0.58,6,2026-04-14T10:45:32.256248+00:00,2026-04-19T15:34:36.256248+00:00
bench-window_shopper-012,2,1,0,0,0,0,0,0,0,6,clothes,0,impulse_buyer,0.52,4,2026-04-14T19:20:36.256248+00:00,2026-04-19T16:36:34.256248+00:00
bench-researcher-029,2,1,2,0,0,0,0,0,1,11,computer,0,researcher,0.58,6,2026-04-13T21:28:33.256248+00:00,2026-04-19T16:46:34.256248+00:00
bench-researcher-052,2,1,2,0,0,0,0,0,1,11,computer,0,researcher,0.58,6,2026-04-14T04:07:33.256248+00:00,2026-04-19T16:54:34.256248+00:00
bench-window_shopper-053,2,1,0,0,0,0,0,0,0,6,mobile,0,impulse_buyer,0.52,4,2026-04-15T18:56:33.256248+00:00,2026-04-19T17:22:35.256248+00:00
bench-loyal_customer-009,1,0,0,1,0,1,2,1,0,30,mobile,1,loyal_customer,0.9,6,2026-04-13T15:52:36.256248+00:00,2026-04-19T17:23:34.256248+00:00
bench-loyal_customer-037,1,0,0,1,0,1,2,1,0,30,computer,1,loyal_customer,0.9,6,2026-04-13T13:20:33.256248+00:00,2026-04-19T17:35:35.256248+00:00
bench-window_shopper-008,2,1,0,0,0,0,0,0,0,6,mobile,0,impulse_buyer,0.52,4,2026-04-14T05:45:34.256248+00:00,2026-04-19T17:43:33.256248+00:00
bench-loyal_customer-043,1,0,0,1,0,1,2,1,0,30,mobile,1,loyal_customer,0.9,6,2026-04-13T11:33:32.256248+00:00,2026-04-19T17:43:34.256248+00:00
bench-researcher-040,2,1,2,0,0,0,0,0,1,11,computer,0,researcher,0.58,6,2026-04-15T09:57:32.256248+00:00,2026-04-19T17:53:36.256248+00:00
bench-price_sensitive-047,1,0,2,1,1,0,0,0,0,12,clothes,0,researcher,0.58,6,2026-04-14T11:33:32.256248+00:00,2026-04-19T17:54:34.256248+00:00
bench-price_sensitive-038,1,0,2,1,1,0,0,0,0,12,clothes,0,researcher,0.58,6,2026-04-14T16:32:33.256248+00:00,2026-04-19T17:55:34.256248+00:00
bench-impulse_buyer-004,1,1,0,1,0,1,1,0,0,20,clothes,1,impulse_buyer,0.82,5,2026-04-13T20:59:35.256248+00:00,2026-04-19T18:33:36.256248+00:00
bench-window_shopper-059,2,1,0,0,0,0,0,0,0,6,computer,0,impulse_buyer,0.52,4,2026-04-16T06:33:34.256248+00:00,2026-04-19T18:34:35.256248+00:00
bench-impulse_buyer-047,1,1,0,1,0,1,1,0,0,20,clothes,1,impulse_buyer,0.82,5,2026-04-13T14:24:33.256248+00:00,2026-04-19T18:38:32.256248+00:00
bench-researcher-049,2,1,2,0,0,0,0,0,1,11,mobile,0,researcher,0.58,6,2026-04-13T11:27:33.256248+00:00,2026-04-19T18:52:32.256248+00:00
bench-window_shopper-032,2,1,0,0,0,0,0,0,0,6,computer,0,impulse_buyer,0.52,4,2026-04-14T17:38:35.256248+00:00,2026-04-19T18:53:33.256248+00:00
bench-researcher-041,2,1,2,0,0,0,0,0,1,11,computer,0,researcher,0.58,6,2026-04-13T12:54:36.256248+00:00,2026-04-19T19:05:35.256248+00:00
bench-price_sensitive-032,1,0,2,1,1,0,0,0,0,12,computer,0,researcher,0.58,6,2026-04-13T11:14:32.256248+00:00,2026-04-19T19:16:33.256248+00:00
bench-price_sensitive-003,1,0,2,1,1,0,0,0,0,12,clothes,0,researcher,0.58,6,2026-04-16T11:45:33.256248+00:00,2026-04-19T19:19:36.256248+00:00
bench-price_sensitive-017,1,0,2,1,1,0,0,0,0,12,clothes,0,researcher,0.58,6,2026-04-15T15:23:32.256248+00:00,2026-04-19T19:26:33.256248+00:00
bench-price_sensitive-042,1,0,2,1,1,0,0,0,0,12,mobile,0,researcher,0.58,6,2026-04-13T10:47:35.256248+00:00,2026-04-19T19:28:34.256248+00:00
bench-window_shopper-017,2,1,0,0,0,0,0,0,0,6,computer,0,impulse_buyer,0.52,4,2026-04-17T09:06:36.256248+00:00,2026-04-19T19:32:33.256248+00:00
bench-researcher-001,2,1,2,0,0,0,0,0,1,11,clothes,0,researcher,0.58,6,2026-04-15T08:23:31.256248+00:00,2026-04-19T19:47:32.256248+00:00
bench-impulse_buyer-012,1,1,0,1,0,1,1,0,0,20,computer,1,impulse_buyer,0.82,5,2026-04-15T04:07:35.256248+00:00,2026-04-19T19:49:33.256248+00:00
bench-price_sensitive-027,1,0,2,1,1,0,0,0,0,12,mobile,0,researcher,0.58,6,2026-04-13T16:02:34.256248+00:00,2026-04-19T20:08:33.256248+00:00
bench-price_sensitive-002,1,0,2,1,1,0,0,0,0,12,mobile,0,researcher,0.58,6,2026-04-15T07:01:33.256248+00:00,2026-04-19T20:13:35.256248+00:00
bench-loyal_customer-056,1,0,0,1,0,1,2,1,0,30,mobile,1,loyal_customer,0.9,6,2026-04-16T11:17:36.256248+00:00,2026-04-19T20:31:33.256248+00:00
bench-loyal_customer-039,1,0,0,1,0,1,2,1,0,30,computer,1,loyal_customer,0.9,6,2026-04-14T17:58:31.256248+00:00,2026-04-19T20:41:35.256248+00:00
bench-loyal_customer-040,1,0,0,1,0,1,2,1,0,30,mobile,1,loyal_customer,0.9,6,2026-04-15T20:06:33.256248+00:00,2026-04-19T21:16:36.256248+00:00
bench-price_sensitive-030,1,0,2,1,1,0,0,0,0,12,clothes,0,researcher,0.58,6,2026-04-14T09:45:33.256248+00:00,2026-04-19T21:35:35.256248+00:00
bench-impulse_buyer-036,1,1,0,1,0,1,1,0,0,20,mobile,1,impulse_buyer,0.82,5,2026-04-13T11:48:33.256248+00:00,2026-04-19T21:45:35.256248+00:00
bench-loyal_customer-042,1,0,0,1,0,1,2,1,0,30,clothes,1,loyal_customer,0.9,6,2026-04-15T13:16:31.256248+00:00,2026-04-19T22:11:36.256248+00:00
bench-impulse_buyer-052,1,1,0,1,0,1,1,0,0,20,mobile,1,impulse_buyer,0.82,5,2026-04-14T15:07:36.256248+00:00,2026-04-19T22:25:32.256248+00:00
bench-researcher-013,2,1,2,0,0,0,0,0,1,11,computer,0,researcher,0.58,6,2026-04-15T01:24:32.256248+00:00,2026-04-19T22:30:33.256248+00:00
bench-window_shopper-033,2,1,0,0,0,0,0,0,0,6,mobile,0,impulse_buyer,0.52,4,2026-04-13T23:06:36.256248+00:00,2026-04-19T22:31:33.256248+00:00
bench-loyal_customer-031,1,0,0,1,0,1,2,1,0,30,clothes,1,loyal_customer,0.9,6,2026-04-14T13:58:33.256248+00:00,2026-04-19T22:33:36.256248+00:00
bench-researcher-000,2,1,2,0,0,0,0,0,1,11,computer,0,researcher,0.58,6,2026-04-17T00:02:36.256248+00:00,2026-04-19T22:39:32.256248+00:00
bench-window_shopper-057,2,1,0,0,0,0,0,0,0,6,clothes,0,impulse_buyer,0.52,4,2026-04-13T22:17:34.256248+00:00,2026-04-19T22:40:35.256248+00:00
bench-impulse_buyer-000,1,1,0,1,0,1,1,0,0,20,clothes,1,impulse_buyer,0.82,5,2026-04-13T20:23:33.256248+00:00,2026-04-19T22:42:32.256248+00:00
bench-price_sensitive-022,1,0,2,1,1,0,0,0,0,12,computer,0,researcher,0.58,6,2026-04-14T04:17:33.256248+00:00,2026-04-19T22:42:34.256248+00:00
bench-researcher-050,2,1,2,0,0,0,0,0,1,11,computer,0,researcher,0.58,6,2026-04-14T23:41:33.256248+00:00,2026-04-19T22:47:32.256248+00:00
bench-loyal_customer-018,1,0,0,1,0,1,2,1,0,30,computer,1,loyal_customer,0.9,6,2026-04-15T00:14:34.256248+00:00,2026-04-19T22:58:32.256248+00:00
bench-loyal_customer-036,1,0,0,1,0,1,2,1,0,30,clothes,1,loyal_customer,0.9,6,2026-04-14T16:56:36.256248+00:00,2026-04-19T23:02:32.256248+00:00
bench-loyal_customer-048,1,0,0,1,0,1,2,1,0,30,computer,1,loyal_customer,0.9,6,2026-04-15T18:25:35.256248+00:00,2026-04-19T23:06:32.256248+00:00
bench-researcher-057,2,1,2,0,0,0,0,0,1,11,computer,0,researcher,0.58,6,2026-04-14T14:06:32.256248+00:00,2026-04-19T23:23:31.256248+00:00
bench-loyal_customer-006,1,0,0,1,0,1,2,1,0,30,clothes,1,loyal_customer,0.9,6,2026-04-17T00:51:31.256248+00:00,2026-04-19T23:23:36.256248+00:00
bench-impulse_buyer-035,1,1,0,1,0,1,1,0,0,20,computer,1,impulse_buyer,0.82,5,2026-04-14T14:00:33.256248+00:00,2026-04-19T23:26:32.256248+00:00
bench-price_sensitive-007,1,0,2,1,1,0,0,0,0,12,computer,0,researcher,0.58,6,2026-04-15T08:16:34.256248+00:00,2026-04-19T23:37:36.256248+00:00
bench-impulse_buyer-028,1,1,0,1,0,1,1,0,0,20,clothes,1,impulse_buyer,0.82,5,2026-04-15T18:01:36.256248+00:00,2026-04-19T23:42:33.256248+00:00
bench-price_sensitive-035,1,0,2,1,1,0,0,0,0,12,clothes,0,researcher,0.58,6,2026-04-13T13:18:32.256248+00:00,2026-04-19T23:43:33.256248+00:00
bench-loyal_customer-044,1,0,0,1,0,1,2,1,0,30,mobile,1,loyal_customer,0.9,6,2026-04-13T12:54:35.256248+00:00,2026-04-20T00:03:32.256248+00:00
bench-impulse_buyer-024,1,1,0,1,0,1,1,0,0,20,mobile,1,impulse_buyer,0.82,5,2026-04-13T18:16:35.256248+00:00,2026-04-20T00:14:32.256248+00:00
bench-price_sensitive-013,1,0,2,1,1,0,0,0,0,12,clothes,0,researcher,0.58,6,2026-04-13T11:06:36.256248+00:00,2026-04-20T00:22:33.256248+00:00
bench-loyal_customer-050,1,0,0,1,0,1,2,1,0,30,mobile,1,loyal_customer,0.9,6,2026-04-13T20:39:35.256248+00:00,2026-04-20T00:26:34.256248+00:00
bench-impulse_buyer-026,1,1,0,1,0,1,1,0,0,20,clothes,1,impulse_buyer,0.82,5,2026-04-15T17:01:32.256248+00:00,2026-04-20T00:44:36.256248+00:00
bench-researcher-004,2,1,2,0,0,0,0,0,1,11,computer,0,researcher,0.58,6,2026-04-15T02:46:32.256248+00:00,2026-04-20T00:57:35.256248+00:00
bench-window_shopper-005,2,1,0,0,0,0,0,0,0,6,computer,0,impulse_buyer,0.52,4,2026-04-13T13:09:36.256248+00:00,2026-04-20T00:58:34.256248+00:00
bench-impulse_buyer-045,1,1,0,1,0,1,1,0,0,20,computer,1,impulse_buyer,0.82,5,2026-04-14T20:22:34.256248+00:00,2026-04-20T01:11:35.256248+00:00
bench-loyal_customer-059,1,0,0,1,0,1,2,1,0,30,clothes,1,loyal_customer,0.9,6,2026-04-13T17:43:31.256248+00:00,2026-04-20T01:11:36.256248+00:00
bench-price_sensitive-026,1,0,2,1,1,0,0,0,0,12,computer,0,researcher,0.58,6,2026-04-16T21:55:35.256248+00:00,2026-04-20T01:11:36.256248+00:00
bench-window_shopper-021,2,1,0,0,0,0,0,0,0,6,computer,0,impulse_buyer,0.52,4,2026-04-14T15:49:33.256248+00:00,2026-04-20T01:20:34.256248+00:00
bench-researcher-008,2,1,2,0,0,0,0,0,1,11,clothes,0,researcher,0.58,6,2026-04-13T17:17:32.256248+00:00,2026-04-20T01:29:35.256248+00:00
bench-researcher-023,2,1,2,0,0,0,0,0,1,11,mobile,0,researcher,0.58,6,2026-04-15T03:15:31.256248+00:00,2026-04-20T01:47:33.256248+00:00
bench-price_sensitive-051,1,0,2,1,1,0,0,0,0,12,clothes,0,researcher,0.58,6,2026-04-15T15:11:35.256248+00:00,2026-04-20T01:55:34.256248+00:00
bench-window_shopper-046,2,1,0,0,0,0,0,0,0,6,computer,0,impulse_buyer,0.52,4,2026-04-17T15:52:33.256248+00:00,2026-04-20T02:12:36.256248+00:00
bench-loyal_customer-045,1,0,0,1,0,1,2,1,0,30,computer,1,loyal_customer,0.9,6,2026-04-13T15:57:34.256248+00:00,2026-04-20T02:13:33.256248+00:00
bench-price_sensitive-044,1,0,2,1,1,0,0,0,0,12,mobile,0,researcher,0.58,6,2026-04-14T00:04:35.256248+00:00,2026-04-20T02:13:36.256248+00:00
bench-price_sensitive-041,1,0,2,1,1,0,0,0,0,12,clothes,0,researcher,0.58,6,2026-04-14T23:21:36.256248+00:00,2026-04-20T02:14:33.256248+00:00
bench-loyal_customer-015,1,0,0,1,0,1,2,1,0,30,computer,1,loyal_customer,0.9,6,2026-04-14T22:31:34.256248+00:00,2026-04-20T02:24:35.256248+00:00
bench-loyal_customer-017,1,0,0,1,0,1,2,1,0,30,mobile,1,loyal_customer,0.9,6,2026-04-14T14:57:32.256248+00:00,2026-04-20T02:32:31.256248+00:00
bench-price_sensitive-052,1,0,2,1,1,0,0,0,0,12,computer,0,researcher,0.58,6,2026-04-14T10:50:34.256248+00:00,2026-04-20T02:33:33.256248+00:00
bench-impulse_buyer-041,1,1,0,1,0,1,1,0,0,20,clothes,1,impulse_buyer,0.82,5,2026-04-13T22:20:34.256248+00:00,2026-04-20T02:43:32.256248+00:00
bench-impulse_buyer-009,1,1,0,1,0,1,1,0,0,20,mobile,1,impulse_buyer,0.82,5,2026-04-16T09:26:35.256248+00:00,2026-04-20T02:52:32.256248+00:00
bench-window_shopper-010,2,1,0,0,0,0,0,0,0,6,mobile,0,impulse_buyer,0.52,4,2026-04-13T16:20:35.256248+00:00,2026-04-20T02:52:36.256248+00:00
bench-impulse_buyer-054,1,1,0,1,0,1,1,0,0,20,clothes,1,impulse_buyer,0.82,5,2026-04-16T21:50:32.256248+00:00,2026-04-20T03:15:33.256248+00:00
bench-researcher-006,2,1,2,0,0,0,0,0,1,11,computer,0,researcher,0.58,6,2026-04-16T11:13:33.256248+00:00,2026-04-20T03:29:31.256248+00:00
bench-loyal_customer-007,1,0,0,1,0,1,2,1,0,30,mobile,1,loyal_customer,0.9,6,2026-04-14T16:00:35.256248+00:00,2026-04-20T03:32:32.256248+00:00
bench-price_sensitive-037,1,0,2,1,1,0,0,0,0,12,mobile,0,researcher,0.58,6,2026-04-14T02:38:33.256248+00:00,2026-04-20T03:33:34.256248+00:00
bench-price_sensitive-015,1,0,2,1,1,0,0,0,0,12,mobile,0,researcher,0.58,6,2026-04-14T02:53:32.256248+00:00,2026-04-20T03:44:35.256248+00:00
bench-researcher-010,2,1,2,0,0,0,0,0,1,11,mobile,0,researcher,0.58,6,2026-04-15T16:39:34.256248+00:00,2026-04-20T03:45:36.256248+00:00
bench-loyal_customer-035,1,0,0,1,0,1,2,1,0,30,mobile,1,loyal_customer,0.9,6,2026-04-15T02:33:35.256248+00:00,2026-04-20T03:52:32.256248+00:00
bench-window_shopper-049,2,1,0,0,0,0,0,0,0,6,clothes,0,impulse_buyer,0.52,4,2026-04-15T01:23:36.256248+00:00,2026-04-20T03:52:34.256248+00:00
bench-researcher-047,2,1,2,0,0,0,0,0,1,11,clothes,0,researcher,0.58,6,2026-04-13T17:27:31.256248+00:00,2026-04-20T04:01:34.256248+00:00
bench-researcher-005,2,1,2,0,0,0,0,0,1,11,computer,0,researcher,0.58,6,2026-04-13T23:06:35.256248+00:00,2026-04-20T04:05:36.256248+00:00
bench-price_sensitive-020,1,0,2,1,1,0,0,0,0,12,mobile,0,researcher,0.58,6,2026-04-14T02:50:31.256248+00:00,2026-04-20T04:12:35.256248+00:00
bench-loyal_customer-000,1,0,0,1,0,1,2,1,0,30,computer,1,loyal_customer,0.9,6,2026-04-14T05:11:33.256248+00:00,2026-04-20T04:20:32.256248+00:00
bench-price_sensitive-018,1,0,2,1,1,0,0,0,0,12,mobile,0,researcher,0.58,6,2026-04-14T17:54:31.256248+00:00,2026-04-20T04:31:33.256248+00:00
bench-impulse_buyer-010,1,1,0,1,0,1,1,0,0,20,computer,1,impulse_buyer,0.82,5,2026-04-14T12:55:33.256248+00:00,2026-04-20T04:31:35.256248+00:00
bench-researcher-002,2,1,2,0,0,0,0,0,1,11,computer,0,researcher,0.58,6,2026-04-13T18:40:35.256248+00:00,2026-04-20T04:40:34.256248+00:00
bench-window_shopper-042,2,1,0,0,0,0,0,0,0,6,mobile,0,impulse_buyer,0.52,4,2026-04-14T13:07:34.256248+00:00,2026-04-20T04:42:35.256248+00:00
bench-window_shopper-014,2,1,0,0,0,0,0,0,0,6,computer,0,impulse_buyer,0.52,4,2026-04-15T13:23:34.256248+00:00,2026-04-20T04:53:33.256248+00:00
bench-researcher-042,2,1,2,0,0,0,0,0,1,11,clothes,0,researcher,0.58,6,2026-04-14T00:37:33.256248+00:00,2026-04-20T04:57:32.256248+00:00
bench-window_shopper-009,2,1,0,0,0,0,0,0,0,6,clothes,0,impulse_buyer,0.52,4,2026-04-14T08:34:35.256248+00:00,2026-04-20T04:57:36.256248+00:00
bench-impulse_buyer-022,1,1,0,1,0,1,1,0,0,20,computer,1,impulse_buyer,0.82,5,2026-04-15T00:10:36.256248+00:00,2026-04-20T04:58:34.256248+00:00
bench-price_sensitive-050,1,0,2,1,1,0,0,0,0,12,mobile,0,researcher,0.58,6,2026-04-15T15:16:36.256248+00:00,2026-04-20T05:05:32.256248+00:00
bench-researcher-045,2,1,2,0,0,0,0,0,1,11,mobile,0,researcher,0.58,6,2026-04-14T01:24:35.256248+00:00,2026-04-20T05:10:34.256248+00:00
bench-researcher-021,2,1,2,0,0,0,0,0,1,11,clothes,0,researcher,0.58,6,2026-04-16T02:12:32.256248+00:00,2026-04-20T05:23:36.256248+00:00
bench-window_shopper-039,2,1,0,0,0,0,0,0,0,6,mobile,0,impulse_buyer,0.52,4,2026-04-13T16:51:36.256248+00:00,2026-04-20T05:27:34.256248+00:00
bench-loyal_customer-023,1,0,0,1,0,1,2,1,0,30,clothes,1,loyal_customer,0.9,6,2026-04-15T08:42:36.256248+00:00,2026-04-20T05:40:33.256248+00:00
bench-price_sensitive-016,1,0,2,1,1,0,0,0,0,12,computer,0,researcher,0.58,6,2026-04-14T19:39:32.256248+00:00,2026-04-20T05:44:36.256248+00:00
bench-researcher-019,2,1,2,0,0,0,0,0,1,11,mobile,0,researcher,0.58,6,2026-04-13T15:38:35.256248+00:00,2026-04-20T05:45:36.256248+00:00
bench-impulse_buyer-015,1,1,0,1,0,1,1,0,0,20,mobile,1,impulse_buyer,0.82,5,2026-04-16T11:18:32.256248+00:00,2026-04-20T05:46:36.256248+00:00
bench-loyal_customer-058,1,0,0,1,0,1,2,1,0,30,clothes,1,loyal_customer,0.9,6,2026-04-14T23:07:31.256248+00:00,2026-04-20T05:54:36.256248+00:00
bench-loyal_customer-010,1,0,0,1,0,1,2,1,0,30,mobile,1,loyal_customer,0.9,6,2026-04-13T18:27:35.256248+00:00,2026-04-20T05:58:32.256248+00:00
bench-impulse_buyer-031,1,1,0,1,0,1,1,0,0,20,computer,1,impulse_buyer,0.82,5,2026-04-14T06:19:35.256248+00:00,2026-04-20T06:02:32.256248+00:00
bench-loyal_customer-027,1,0,0,1,0,1,2,1,0,30,mobile,1,loyal_customer,0.9,6,2026-04-17T03:07:31.256248+00:00,2026-04-20T06:19:33.256248+00:00
bench-loyal_customer-049,1,0,0,1,0,1,2,1,0,30,clothes,1,loyal_customer,0.9,6,2026-04-13T14:34:32.256248+00:00,2026-04-20T06:29:33.256248+00:00
bench-researcher-046,2,1,2,0,0,0,0,0,1,11,clothes,0,researcher,0.58,6,2026-04-14T10:59:31.256248+00:00,2026-04-20T06:38:33.256248+00:00
bench-researcher-058,2,1,2,0,0,0,0,0,1,11,computer,0,researcher,0.58,6,2026-04-13T17:40:32.256248+00:00,2026-04-20T06:41:35.256248+00:00
bench-window_shopper-041,2,1,0,0,0,0,0,0,0,6,computer,0,impulse_buyer,0.52,4,2026-04-15T08:18:33.256248+00:00,2026-04-20T06:41:35.256248+00:00
bench-researcher-014,2,1,2,0,0,0,0,0,1,11,mobile,0,researcher,0.58,6,2026-04-15T17:55:33.256248+00:00,2026-04-20T06:42:35.256248+00:00
bench-price_sensitive-006,1,0,2,1,1,0,0,0,0,12,clothes,0,researcher,0.58,6,2026-04-14T07:59:33.256248+00:00,2026-04-20T06:49:32.256248+00:00
bench-price_sensitive-059,1,0,2,1,1,0,0,0,0,12,computer,0,researcher,0.58,6,2026-04-14T03:58:33.256248+00:00,2026-04-20T06:51:31.256248+00:00
bench-loyal_customer-053,1,0,0,1,0,1,2,1,0,30,clothes,1,loyal_customer,0.9,6,2026-04-13T20:27:32.256248+00:00,2026-04-20T06:52:35.256248+00:00
bench-researcher-043,2,1,2,0,0,0,0,0,1,11,computer,0,researcher,0.58,6,2026-04-16T20:19:35.256248+00:00,2026-04-20T06:59:34.256248+00:00
bench-price_sensitive-025,1,0,2,1,1,0,0,0,0,12,mobile,0,researcher,0.58,6,2026-04-14T06:44:31.256248+00:00,2026-04-20T07:04:34.256248+00:00
bench-researcher-011,2,1,2,0,0,0,0,0,1,11,clothes,0,researcher,0.58,6,2026-04-14T14:53:35.256248+00:00,2026-04-20T07:11:31.256248+00:00
bench-price_sensitive-019,1,0,2,1,1,0,0,0,0,12,mobile,0,researcher,0.58,6,2026-04-15T13:33:31.256248+00:00,2026-04-20T07:18:33.256248+00:00
bench-researcher-044,2,1,2,0,0,0,0,0,1,11,computer,0,researcher,0.58,6,2026-04-15T09:44:34.256248+00:00,2026-04-20T07:21:32.256248+00:00
bench-window_shopper-013,2,1,0,0,0,0,0,0,0,6,clothes,0,impulse_buyer,0.52,4,2026-04-13T23:42:33.256248+00:00,2026-04-20T07:26:34.256248+00:00
bench-researcher-036,2,1,2,0,0,0,0,0,1,11,mobile,0,researcher,0.58,6,2026-04-15T20:18:33.256248+00:00,2026-04-20T07:28:32.256248+00:00
bench-loyal_customer-014,1,0,0,1,0,1,2,1,0,30,clothes,1,loyal_customer,0.9,6,2026-04-14T01:12:36.256248+00:00,2026-04-20T07:28:33.256248+00:00
bench-researcher-039,2,1,2,0,0,0,0,0,1,11,clothes,0,researcher,0.58,6,2026-04-14T16:05:31.256248+00:00,2026-04-20T07:29:33.256248+00:00
user_0001,2,1,0,0,0,0,2,4,1,35,audio,1,loyal_customer,0.9,10,2026-04-20T07:50:45.958002+00:00,2026-04-20T07:50:45.958108+00:00
user_0002,0,1,0,0,0,0,1,0,2,13,component,1,researcher,0.58,4,2026-04-20T07:50:45.958116+00:00,2026-04-20T07:50:45.958140+00:00
user_0003,2,2,0,1,0,0,2,2,0,32,component,1,loyal_customer,0.9,9,2026-04-20T07:50:45.958148+00:00,2026-04-20T07:50:45.958213+00:00
user_0004,0,0,1,1,0,0,2,3,0,31,component,1,loyal_customer,0.9,7,2026-04-20T07:50:45.958221+00:00,2026-04-20T07:50:45.958267+00:00
user_0005,1,1,0,2,0,0,2,2,0,33,computer,1,loyal_customer,0.9,8,2026-04-20T07:50:45.958275+00:00,2026-04-20T07:50:45.958329+00:00
user_0006,1,2,2,1,0,1,2,1,2,40,mobile,1,loyal_customer,0.9,12,2026-04-20T07:50:45.958337+00:00,2026-04-20T07:50:45.958420+00:00
user_0007,0,2,1,0,0,5,1,1,2,44,tablet,1,impulse_buyer,0.82,12,2026-04-20T07:50:45.958428+00:00,2026-04-20T07:50:45.958511+00:00
user_0008,2,1,0,0,0,1,1,0,0,18,wearable,1,impulse_buyer,0.52,5,2026-04-20T07:50:45.958519+00:00,2026-04-20T07:50:45.958549+00:00
user_0009,4,2,1,2,0,1,0,1,1,30,wearable,0,impulse_buyer,0.52,12,2026-04-20T07:50:45.958557+00:00,2026-04-20T07:50:45.958641+00:00
user_0010,0,1,0,1,0,3,0,1,1,25,computer,0,researcher,0.58,7,2026-04-20T07:50:45.958649+00:00,2026-04-20T07:50:45.960734+00:00
user_0011,0,0,2,1,0,1,1,2,1,29,wearable,1,impulse_buyer,0.82,8,2026-04-20T07:50:45.960743+00:00,2026-04-20T07:50:45.960799+00:00
user_0012,3,0,3,0,0,1,3,1,1,46,wearable,1,loyal_customer,0.9,12,2026-04-20T07:50:45.960806+00:00,2026-04-20T07:50:45.960892+00:00
user_0013,0,2,0,0,0,1,0,1,2,14,mobile,0,researcher,0.58,6,2026-04-20T07:50:45.960900+00:00,2026-04-20T07:50:45.960938+00:00
user_0014,0,1,1,0,0,1,1,0,1,18,audio,1,researcher,0.58,5,2026-04-20T07:50:45.960946+00:00,2026-04-20T07:50:45.960976+00:00
user_0015,2,2,1,0,0,1,2,0,1,31,computer,1,loyal_customer,0.9,9,2026-04-20T07:50:45.960984+00:00,2026-04-20T07:50:45.961049+00:00
user_0016,0,1,0,0,0,2,1,1,4,30,tablet,1,impulse_buyer,0.82,9,2026-04-20T07:50:45.961057+00:00,2026-04-20T07:50:45.961117+00:00
user_0017,1,0,2,1,0,1,2,0,1,33,computer,1,loyal_customer,0.9,8,2026-04-20T07:50:45.961125+00:00,2026-04-20T07:50:45.961180+00:00
user_0018,1,1,1,0,0,1,1,0,0,18,mobile,1,researcher,0.58,5,2026-04-20T07:50:45.961187+00:00,2026-04-20T07:50:45.961217+00:00
user_0019,1,2,2,1,0,5,0,1,0,40,mobile,0,researcher,0.58,12,2026-04-20T07:50:45.961225+00:00,2026-04-20T07:50:45.961327+00:00
user_0020,2,0,1,0,0,1,4,0,0,43,computer,1,loyal_customer,0.9,8,2026-04-20T07:50:45.961344+00:00,2026-04-20T07:50:45.962338+00:00
user_0021,0,1,0,1,0,0,1,0,1,15,tablet,1,researcher,0.58,4,2026-04-20T07:50:45.962347+00:00,2026-04-20T07:50:45.962372+00:00
user_0022,0,0,0,0,0,1,1,0,3,19,component,1,researcher,0.58,5,2026-04-20T07:50:45.962380+00:00,2026-04-20T07:50:45.962412+00:00
user_0023,1,0,1,1,0,0,1,0,0,16,computer,1,researcher,0.58,4,2026-04-20T07:50:45.962420+00:00,2026-04-20T07:50:45.962444+00:00
user_0024,3,1,3,1,0,2,0,0,0,27,computer,0,researcher,0.58,10,2026-04-20T07:50:45.962451+00:00,2026-04-20T07:50:45.962522+00:00
user_0025,0,1,2,2,0,3,1,2,0,42,component,1,impulse_buyer,0.82,11,2026-04-20T07:50:45.962530+00:00,2026-04-20T07:50:45.962606+00:00
user_0026,0,1,2,1,0,0,2,1,1,30,audio,1,loyal_customer,0.9,8,2026-04-20T07:50:45.962614+00:00,2026-04-20T07:50:45.962669+00:00
user_0027,2,2,3,2,0,1,1,0,1,35,wearable,1,impulse_buyer,0.82,12,2026-04-20T07:50:45.962678+00:00,2026-04-20T07:50:45.962800+00:00
user_0028,0,1,0,0,0,4,1,0,0,29,audio,1,impulse_buyer,0.82,6,2026-04-20T07:50:45.962808+00:00,2026-04-20T07:50:45.962848+00:00
user_0029,0,0,0,2,0,0,2,2,0,30,wearable,1,loyal_customer,0.9,6,2026-04-20T07:50:45.962856+00:00,2026-04-20T07:50:45.962896+00:00
user_0030,1,1,1,1,0,0,1,0,2,21,component,1,researcher,0.58,7,2026-04-20T07:50:45.962904+00:00,2026-04-20T07:50:45.962951+00:00
user_0031,0,1,0,0,0,4,1,0,4,37,component,1,impulse_buyer,0.82,10,2026-04-20T07:50:45.962958+00:00,2026-04-20T07:50:45.964020+00:00
user_0032,0,1,0,2,0,0,1,0,1,19,tablet,1,impulse_buyer,0.82,5,2026-04-20T07:50:45.964029+00:00,2026-04-20T07:50:45.964062+00:00
user_0033,3,2,2,2,0,0,2,1,0,39,wearable,1,loyal_customer,0.9,12,2026-04-20T07:50:45.964070+00:00,2026-04-20T07:50:45.964158+00:00
user_0034,1,0,0,2,0,1,1,0,1,25,computer,1,impulse_buyer,0.82,6,2026-04-20T07:50:45.964166+00:00,2026-04-20T07:50:45.964204+00:00
user_0035,1,0,2,0,0,2,1,1,1,29,audio,1,impulse_buyer,0.82,8,2026-04-20T07:50:45.964212+00:00,2026-04-20T07:50:45.964267+00:00
user_0036,2,1,1,1,0,1,1,2,1,32,tablet,1,impulse_buyer,0.82,10,2026-04-20T07:50:45.964274+00:00,2026-04-20T07:50:45.964345+00:00
user_0037,2,2,3,2,0,1,0,0,1,27,tablet,0,researcher,0.58,11,2026-04-20T07:50:45.964353+00:00,2026-04-20T07:50:45.964430+00:00
user_0038,0,1,2,3,0,1,3,0,1,48,mobile,1,loyal_customer,0.9,11,2026-04-20T07:50:45.964438+00:00,2026-04-20T07:50:45.964516+00:00
user_0039,1,4,1,0,0,1,2,0,0,29,tablet,1,loyal_customer,0.9,9,2026-04-20T07:50:45.964524+00:00,2026-04-20T07:50:45.964587+00:00
user_0040,1,2,2,0,0,3,1,0,0,31,wearable,1,impulse_buyer,0.82,9,2026-04-20T07:50:45.964594+00:00,2026-04-20T07:50:45.964657+00:00
user_0041,1,1,0,2,0,0,2,0,1,29,wearable,1,loyal_customer,0.9,7,2026-04-20T07:50:45.965601+00:00,2026-04-20T07:50:45.965661+00:00
user_0042,1,1,0,1,0,3,0,2,1,30,audio,0,impulse_buyer,0.52,9,2026-04-20T07:50:45.965669+00:00,2026-04-20T07:50:45.965732+00:00
user_0043,0,0,1,1,0,2,1,0,0,24,computer,1,impulse_buyer,0.82,5,2026-04-20T07:50:45.965740+00:00,2026-04-20T07:50:45.965771+00:00
user_0044,1,0,0,2,0,1,4,3,1,58,audio,1,loyal_customer,0.9,12,2026-04-20T07:50:45.965779+00:00,2026-04-20T07:50:45.965864+00:00
user_0045,0,2,2,0,0,1,1,1,3,28,wearable,1,researcher,0.58,10,2026-04-20T07:50:45.965872+00:00,2026-04-20T07:50:45.965941+00:00
user_0046,1,3,0,2,0,0,0,2,0,19,wearable,0,impulse_buyer,0.52,8,2026-04-20T07:50:45.965949+00:00,2026-04-20T07:50:45.966002+00:00
user_0047,3,1,2,2,0,3,1,0,0,42,component,1,impulse_buyer,0.82,12,2026-04-20T07:50:45.966010+00:00,2026-04-20T07:50:45.966095+00:00
user_0048,0,0,2,0,0,1,0,1,2,16,audio,0,researcher,0.58,6,2026-04-20T07:50:45.966103+00:00,2026-04-20T07:50:45.966141+00:00
user_0049,1,2,1,0,0,1,2,2,3,39,audio,1,loyal_customer,0.9,12,2026-04-20T07:50:45.966149+00:00,2026-04-20T07:50:45.966234+00:00
user_0050,1,0,0,1,0,0,0,2,0,12,audio,0,impulse_buyer,0.52,4,2026-04-20T07:50:45.966242+00:00,2026-04-20T07:50:45.967202+00:00
user_0051,2,1,0,5,0,1,0,1,1,35,mobile,0,impulse_buyer,0.52,11,2026-04-20T07:50:45.967211+00:00,2026-04-20T07:50:45.967291+00:00
user_0052,0,1,2,0,0,0,0,0,1,7,audio,0,researcher,0.58,4,2026-04-20T07:50:45.967298+00:00,2026-04-20T07:50:45.967322+00:00
user_0053,1,0,0,1,0,0,1,1,1,19,wearable,1,impulse_buyer,0.52,5,2026-04-20T07:50:45.967330+00:00,2026-04-20T07:50:45.967363+00:00
user_0054,0,2,2,2,0,1,0,1,3,28,tablet,0,researcher,0.58,11,2026-04-20T07:50:45.967370+00:00,2026-04-20T07:50:45.967448+00:00
user_0055,0,2,0,1,0,2,3,0,2,44,component,1,loyal_customer,0.9,10,2026-04-20T07:50:45.967456+00:00,2026-04-20T07:50:45.967528+00:00
user_0056,0,2,0,3,0,1,2,1,1,40,component,1,loyal_customer,0.9,10,2026-04-20T07:50:45.967536+00:00,2026-04-20T07:50:45.967607+00:00
user_0057,2,1,1,1,0,0,0,0,3,17,computer,0,impulse_buyer,0.52,8,2026-04-20T07:50:45.967615+00:00,2026-04-20T07:50:45.967670+00:00
user_0058,1,0,2,1,0,1,1,3,0,32,component,1,impulse_buyer,0.82,9,2026-04-20T07:50:45.967678+00:00,2026-04-20T07:50:45.967739+00:00
user_0059,1,0,2,1,0,0,3,1,2,41,audio,1,loyal_customer,0.9,10,2026-04-20T07:50:45.967747+00:00,2026-04-20T07:50:45.967817+00:00
user_0060,1,1,1,2,0,2,2,2,1,47,component,1,loyal_customer,0.9,12,2026-04-20T07:50:45.967825+00:00,2026-04-20T07:50:45.968836+00:00
user_0061,0,0,1,1,0,1,5,1,1,56,computer,1,loyal_customer,0.9,10,2026-04-20T07:50:45.968844+00:00,2026-04-20T07:50:45.968914+00:00
user_0062,0,1,1,1,0,0,0,1,0,10,mobile,0,researcher,0.58,4,2026-04-20T07:50:45.968921+00:00,2026-04-20T07:50:45.968944+00:00
user_0063,0,1,1,1,0,2,0,0,1,19,audio,0,researcher,0.58,6,2026-04-20T07:50:45.968952+00:00,2026-04-20T07:50:45.968992+00:00
user_0064,2,2,2,1,0,0,1,0,1,24,tablet,1,researcher,0.58,9,2026-04-20T07:50:45.969000+00:00,2026-04-20T07:50:45.969062+00:00
user_0065,1,0,0,0,0,3,1,2,0,31,computer,1,impulse_buyer,0.82,7,2026-04-20T07:50:45.969070+00:00,2026-04-20T07:50:45.969117+00:00
user_0066,2,1,2,1,0,0,3,1,0,40,component,1,loyal_customer,0.9,10,2026-04-20T07:50:45.969125+00:00,2026-04-20T07:50:45.969196+00:00
user_0067,0,1,1,1,0,0,1,0,0,15,computer,1,researcher,0.58,4,2026-04-20T07:50:45.969203+00:00,2026-04-20T07:50:45.969227+00:00
user_0068,2,0,0,2,0,0,1,0,1,22,audio,1,impulse_buyer,0.82,6,2026-04-20T07:50:45.969235+00:00,2026-04-20T07:50:45.969273+00:00
user_0069,1,1,1,0,0,0,1,0,0,13,audio,1,researcher,0.58,4,2026-04-20T07:50:45.969281+00:00,2026-04-20T07:50:45.969304+00:00
user_0070,0,3,2,2,0,2,0,1,0,28,mobile,0,researcher,0.58,10,2026-04-20T07:50:45.969312+00:00,2026-04-20T07:50:45.969383+00:00
user_0071,0,0,2,3,0,1,3,1,1,50,computer,1,loyal_customer,0.9,11,2026-04-20T07:50:45.969391+00:00,2026-04-20T07:50:45.970924+00:00
user_0072,2,0,1,0,0,0,2,1,0,25,component,1,loyal_customer,0.9,6,2026-04-20T07:50:45.970933+00:00,2026-04-20T07:50:45.970975+00:00
user_0073,0,1,1,0,0,1,1,1,2,23,tablet,1,researcher,0.58,7,2026-04-20T07:50:45.970983+00:00,2026-04-20T07:50:45.971031+00:00
user_0074,0,0,1,1,0,0,2,0,0,22,computer,1,loyal_customer,0.9,4,2026-04-20T07:50:45.971039+00:00,2026-04-20T07:50:45.971063+00:00
user_0075,2,0,3,0,0,1,1,0,1,25,component,1,researcher,0.58,8,2026-04-20T07:50:45.971071+00:00,2026-04-20T07:50:45.971126+00:00
user_0076,0,2,0,2,0,3,0,3,2,38,wearable,0,researcher,0.58,12,2026-04-20T07:50:45.971134+00:00,2026-04-20T07:50:45.971220+00:00
user_0077,0,0,2,0,0,2,3,0,1,40,wearable,1,loyal_customer,0.9,8,2026-04-20T07:50:45.971228+00:00,2026-04-20T07:50:45.971284+00:00
user_0078,0,1,0,2,0,0,0,1,0,12,wearable,0,researcher,0.58,4,2026-04-20T07:50:45.971291+00:00,2026-04-20T07:50:45.971315+00:00
user_0079,1,2,0,2,0,0,0,2,0,18,component,0,impulse_buyer,0.52,7,2026-04-20T07:50:45.971323+00:00,2026-04-20T07:50:45.971369+00:00
user_0080,0,1,0,3,0,1,0,0,3,24,wearable,0,researcher,0.58,8,2026-04-20T07:50:45.971377+00:00,2026-04-20T07:50:45.971432+00:00
user_0081,0,1,2,0,0,0,2,0,1,23,mobile,1,loyal_customer,0.9,6,2026-04-20T07:50:45.971440+00:00,2026-04-20T07:50:45.971479+00:00
user_0082,1,0,1,4,0,1,0,1,1,30,wearable,0,researcher,0.58,9,2026-04-20T07:50:45.971488+00:00,2026-04-20T07:50:45.972570+00:00
user_0083,1,1,0,2,0,0,0,1,1,16,tablet,0,impulse_buyer,0.52,6,2026-04-20T07:50:45.972578+00:00,2026-04-20T07:50:45.972619+00:00
user_0084,0,2,1,1,0,0,1,0,1,18,mobile,1,researcher,0.58,6,2026-04-20T07:50:45.972627+00:00,2026-04-20T07:50:45.972667+00:00
user_0085,1,1,2,1,0,1,1,0,1,26,component,1,impulse_buyer,0.82,8,2026-04-20T07:50:45.972674+00:00,2026-04-20T07:50:45.972729+00:00
user_0086,2,3,1,2,0,1,1,1,0,33,audio,1,impulse_buyer,0.82,11,2026-04-20T07:50:45.972737+00:00,2026-04-20T07:50:45.972815+00:00
user_0087,1,0,1,1,0,2,0,5,0,33,mobile,0,researcher,0.58,10,2026-04-20T07:50:45.972823+00:00,2026-04-20T07:50:45.972893+00:00
user_0088,2,1,1,1,0,0,0,2,1,19,tablet,0,impulse_buyer,0.52,8,2026-04-20T07:50:45.972901+00:00,2026-04-20T07:50:45.972958+00:00
user_0089,0,2,1,2,0,0,0,3,1,23,component,0,researcher,0.58,9,2026-04-20T07:50:45.972965+00:00,2026-04-20T07:50:45.973027+00:00
user_0090,0,2,2,0,0,1,0,0,1,13,computer,0,researcher,0.58,6,2026-04-20T07:50:45.973035+00:00,2026-04-20T07:50:45.973074+00:00
user_0091,2,1,1,0,0,3,1,0,2,34,wearable,1,impulse_buyer,0.82,10,2026-04-20T07:50:45.973082+00:00,2026-04-20T07:50:45.973151+00:00
user_0092,1,0,2,1,0,1,1,3,3,38,computer,1,impulse_buyer,0.82,12,2026-04-20T07:50:45.973160+00:00,2026-04-20T07:50:45.974252+00:00
user_0093,2,1,0,0,0,1,1,0,0,18,mobile,1,impulse_buyer,0.52,5,2026-04-20T07:50:45.974260+00:00,2026-04-20T07:50:45.974292+00:00
user_0094,0,1,1,3,0,1,0,3,2,33,mobile,0,researcher,0.58,11,2026-04-20T07:50:45.974300+00:00,2026-04-20T07:50:45.974378+00:00
user_0095,0,1,1,0,0,1,1,1,0,19,tablet,1,researcher,0.58,5,2026-04-20T07:50:45.974386+00:00,2026-04-20T07:50:45.974417+00:00
user_0096,0,2,1,2,0,1,0,2,2,27,tablet,0,researcher,0.58,10,2026-04-20T07:50:45.974426+00:00,2026-04-20T07:50:45.974496+00:00
user_0097,4,0,0,2,0,0,2,1,1,37,wearable,1,loyal_customer,0.9,10,2026-04-20T07:50:45.974503+00:00,2026-04-20T07:50:45.974573+00:00
user_0098,0,1,1,0,0,2,0,1,1,18,component,0,researcher,0.58,6,2026-04-20T07:50:45.974580+00:00,2026-04-20T07:50:45.974619+00:00
user_0099,0,1,0,2,0,3,0,1,3,33,wearable,0,researcher,0.58,10,2026-04-20T07:50:45.974627+00:00,2026-04-20T07:50:45.974697+00:00
user_0100,0,1,1,0,0,1,0,1,0,11,component,0,researcher,0.58,4,2026-04-20T07:50:45.974705+00:00,2026-04-20T07:50:45.974728+00:00
user_0101,1,3,1,1,0,0,0,1,1,16,tablet,0,researcher,0.58,8,2026-04-20T07:50:45.974736+00:00,2026-04-20T07:50:45.974789+00:00
user_0102,2,1,0,3,0,0,0,3,2,30,tablet,0,impulse_buyer,0.52,11,2026-04-20T07:50:45.974797+00:00,2026-04-20T07:50:45.976018+00:00
user_0103,0,4,1,1,0,1,3,1,1,44,tablet,1,loyal_customer,0.9,12,2026-04-20T07:50:45.976026+00:00,2026-04-20T07:50:45.976113+00:00
user_0104,0,0,3,1,0,0,2,1,2,33,tablet,1,loyal_customer,0.9,9,2026-04-20T07:50:45.976121+00:00,2026-04-20T07:50:45.976184+00:00
user_0105,2,3,0,0,0,2,3,1,0,44,component,1,loyal_customer,0.9,11,2026-04-20T07:50:45.976192+00:00,2026-04-20T07:50:45.976273+00:00
user_0106,1,2,1,0,0,1,1,0,2,23,wearable,1,researcher,0.58,8,2026-04-20T07:50:45.976280+00:00,2026-04-20T07:50:45.976336+00:00
user_0107,1,1,1,0,0,2,1,3,0,32,wearable,1,impulse_buyer,0.82,9,2026-04-20T07:50:45.976344+00:00,2026-04-20T07:50:45.976407+00:00
user_0108,1,0,2,0,0,0,0,0,2,10,computer,0,researcher,0.58,5,2026-04-20T07:50:45.976414+00:00,2026-04-20T07:50:45.976445+00:00
user_0109,2,0,0,2,0,0,0,0,1,14,component,0,impulse_buyer,0.52,5,2026-04-20T07:50:45.976452+00:00,2026-04-20T07:50:45.976483+00:00
user_0110,1,0,0,0,0,1,1,1,0,18,wearable,1,impulse_buyer,0.52,4,2026-04-20T07:50:45.976491+00:00,2026-04-20T07:50:45.976514+00:00
user_0111,0,0,1,0,0,1,1,2,1,23,tablet,1,researcher,0.58,6,2026-04-20T07:50:45.976521+00:00,2026-04-20T07:50:45.976560+00:00
user_0112,4,0,1,1,0,0,0,0,2,18,wearable,0,impulse_buyer,0.52,8,2026-04-20T07:50:45.976568+00:00,2026-04-20T07:50:45.976622+00:00
user_0113,2,1,2,2,0,1,2,0,1,40,wearable,1,loyal_customer,0.9,11,2026-04-20T07:50:45.976630+00:00,2026-04-20T07:50:45.977683+00:00
user_0114,1,1,1,0,0,1,1,1,0,21,audio,1,researcher,0.58,6,2026-04-20T07:50:45.977690+00:00,2026-04-20T07:50:45.977730+00:00
user_0115,2,1,2,1,0,1,0,0,0,18,audio,0,researcher,0.58,7,2026-04-20T07:50:45.977738+00:00,2026-04-20T07:50:45.977783+00:00
user_0116,3,0,1,1,0,0,1,0,0,20,component,1,impulse_buyer,0.52,6,2026-04-20T07:50:45.977791+00:00,2026-04-20T07:50:45.977830+00:00
user_0117,0,1,0,0,0,2,1,0,0,19,computer,1,impulse_buyer,0.82,4,2026-04-20T07:50:45.977837+00:00,2026-04-20T07:50:45.977860+00:00
user_0118,0,2,2,1,0,0,1,2,0,24,audio,1,researcher,0.58,8,2026-04-20T07:50:45.977868+00:00,2026-04-20T07:50:45.977921+00:00
user_0119,1,0,0,0,0,0,2,2,0,24,tablet,1,loyal_customer,0.9,5,2026-04-20T07:50:45.977929+00:00,2026-04-20T07:50:45.977960+00:00
user_0120,0,2,1,2,0,0,0,4,3,30,tablet,0,researcher,0.58,12,2026-04-20T07:50:45.977967+00:00,2026-04-20T07:50:45.978055+00:00
user_0121,1,0,1,3,0,0,1,2,0,30,tablet,1,impulse_buyer,0.82,8,2026-04-20T07:50:45.978063+00:00,2026-04-20T07:50:45.978117+00:00
user_0122,0,1,0,0,0,1,0,3,2,19,component,0,researcher,0.58,7,2026-04-20T07:50:45.978125+00:00,2026-04-20T07:50:45.978172+00:00
user_0123,2,1,2,2,0,2,1,0,2,39,computer,1,impulse_buyer,0.82,12,2026-04-20T07:50:45.978180+00:00,2026-04-20T07:50:45.978265+00:00
user_0124,1,3,0,0,0,0,1,0,3,19,computer,1,impulse_buyer,0.52,8,2026-04-20T07:50:45.979290+00:00,2026-04-20T07:50:45.979348+00:00
user_0125,2,1,1,1,0,0,2,2,1,35,mobile,1,loyal_customer,0.9,10,2026-04-20T07:50:45.979356+00:00,2026-04-20T07:50:45.979426+00:00
user_0126,2,0,1,1,0,2,0,0,0,20,component,0,impulse_buyer,0.52,6,2026-04-20T07:50:45.979434+00:00,2026-04-20T07:50:45.979472+00:00
user_0127,1,1,1,0,0,0,0,0,2,9,component,0,researcher,0.58,5,2026-04-20T07:50:45.979480+00:00,2026-04-20T07:50:45.979510+00:00
user_0128,4,1,1,2,0,1,1,0,1,34,computer,1,impulse_buyer,0.82,11,2026-04-20T07:50:45.979518+00:00,2026-04-20T07:50:45.979594+00:00
user_0129,2,0,1,1,0,0,1,1,1,23,audio,1,impulse_buyer,0.52,7,2026-04-20T07:50:45.979602+00:00,2026-04-20T07:50:45.979647+00:00
user_0130,1,0,2,1,0,3,1,1,3,42,mobile,1,impulse_buyer,0.82,12,2026-04-20T07:50:45.979655+00:00,2026-04-20T07:50:45.979738+00:00
user_0131,1,1,2,0,0,1,0,3,0,21,mobile,0,researcher,0.58,8,2026-04-20T07:50:45.979746+00:00,2026-04-20T07:50:45.979800+00:00
user_0132,0,2,1,0,0,0,0,1,0,7,audio,0,researcher,0.58,4,2026-04-20T07:50:45.979807+00:00,2026-04-20T07:50:45.979830+00:00
user_0133,0,1,1,2,0,1,1,0,0,24,audio,1,impulse_buyer,0.82,6,2026-04-20T07:50:45.979838+00:00,2026-04-20T07:50:45.979876+00:00
user_0134,1,2,2,2,0,0,2,1,1,37,tablet,1,loyal_customer,0.9,11,2026-04-20T07:50:45.979884+00:00,2026-04-20T07:50:45.980965+00:00
user_0135,2,2,2,0,0,0,1,1,1,23,audio,1,researcher,0.58,9,2026-04-20T07:50:45.980973+00:00,2026-04-20T07:50:45.981038+00:00
user_0136,1,0,0,1,0,2,0,0,1,18,audio,0,impulse_buyer,0.52,5,2026-04-20T07:50:45.981046+00:00,2026-04-20T07:50:45.981078+00:00
user_0137,0,1,2,0,0,1,0,0,2,14,audio,0,researcher,0.58,6,2026-04-20T07:50:45.981086+00:00,2026-04-20T07:50:45.981124+00:00
user_0138,0,2,0,3,0,0,1,1,0,25,computer,1,impulse_buyer,0.82,7,2026-04-20T07:50:45.981132+00:00,2026-04-20T07:50:45.981178+00:00
user_0139,0,2,2,1,0,1,0,0,2,19,component,0,researcher,0.58,8,2026-04-20T07:50:45.981186+00:00,2026-04-20T07:50:45.981240+00:00
user_0140,0,2,0,1,0,1,0,0,0,11,wearable,0,researcher,0.58,4,2026-04-20T07:50:45.981247+00:00,2026-04-20T07:50:45.981270+00:00
user_0141,3,1,0,1,0,1,2,0,2,36,tablet,1,loyal_customer,0.9,10,2026-04-20T07:50:45.981278+00:00,2026-04-20T07:50:45.981347+00:00
user_0142,1,0,2,0,0,1,3,1,2,42,computer,1,loyal_customer,0.9,10,2026-04-20T07:50:45.981355+00:00,2026-04-20T07:50:45.981424+00:00
user_0143,1,1,3,1,0,2,0,0,2,27,computer,0,researcher,0.58,10,2026-04-20T07:50:45.981431+00:00,2026-04-20T07:50:45.981500+00:00
user_0144,0,1,0,1,0,1,1,2,2,28,audio,1,impulse_buyer,0.82,8,2026-04-20T07:50:45.981508+00:00,2026-04-20T07:50:45.981562+00:00
user_0145,0,2,2,1,0,2,1,0,0,28,computer,1,impulse_buyer,0.82,8,2026-04-20T07:50:45.981570+00:00,2026-04-20T07:50:45.982599+00:00
user_0146,2,1,2,2,0,1,2,1,1,43,audio,1,loyal_customer,0.9,12,2026-04-20T07:50:45.982607+00:00,2026-04-20T07:50:45.982694+00:00
user_0147,1,1,1,0,0,1,0,0,0,10,wearable,0,researcher,0.58,4,2026-04-20T07:50:45.982702+00:00,2026-04-20T07:50:45.982725+00:00
user_0148,2,0,0,1,0,1,0,1,0,16,audio,0,impulse_buyer,0.52,5,2026-04-20T07:50:45.982732+00:00,2026-04-20T07:50:45.982763+00:00
user_0149,1,4,1,0,0,1,0,0,2,17,wearable,0,researcher,0.58,9,2026-04-20T07:50:45.982771+00:00,2026-04-20T07:50:45.982834+00:00
user_0150,1,0,1,1,0,1,3,2,1,45,tablet,1,loyal_customer,0.9,10,2026-04-20T07:50:45.982842+00:00,2026-04-20T07:50:45.982912+00:00
user_0151,2,1,1,1,0,2,2,1,2,44,audio,1,loyal_customer,0.9,12,2026-04-20T07:50:45.982920+00:00,2026-04-20T07:50:45.983005+00:00
user_0152,2,1,0,0,0,2,2,1,0,34,mobile,1,loyal_customer,0.9,8,2026-04-20T07:50:45.983013+00:00,2026-04-20T07:50:45.983067+00:00
user_0153,3,0,0,2,0,1,0,1,1,24,tablet,0,impulse_buyer,0.52,8,2026-04-20T07:50:45.983075+00:00,2026-04-20T07:50:45.983129+00:00
user_0154,0,3,0,2,0,0,0,0,1,13,wearable,0,researcher,0.58,6,2026-04-20T07:50:45.983137+00:00,2026-04-20T07:50:45.983176+00:00
user_0155,0,1,1,1,0,1,2,0,2,32,wearable,1,loyal_customer,0.9,8,2026-04-20T07:50:45.983184+00:00,2026-04-20T07:50:45.984207+00:00
user_0156,0,3,0,2,0,0,1,0,0,19,component,1,impulse_buyer,0.82,6,2026-04-20T07:50:45.984215+00:00,2026-04-20T07:50:45.984255+00:00
user_0157,0,2,0,2,0,0,1,0,1,20,tablet,1,impulse_buyer,0.82,6,2026-04-20T07:50:45.984262+00:00,2026-04-20T07:50:45.984301+00:00
user_0158,0,1,1,0,0,0,1,1,2,18,audio,1,researcher,0.58,6,2026-04-20T07:50:45.984308+00:00,2026-04-20T07:50:45.984347+00:00
user_0159,2,2,0,0,0,0,0,0,1,8,tablet,0,impulse_buyer,0.52,5,2026-04-20T07:50:45.984355+00:00,2026-04-20T07:50:45.984385+00:00
user_0160,2,0,2,0,0,1,1,2,1,29,wearable,1,researcher,0.58,9,2026-04-20T07:50:45.984393+00:00,2026-04-20T07:50:45.984455+00:00
user_0161,0,0,2,1,0,4,0,1,0,31,mobile,0,researcher,0.58,8,2026-04-20T07:50:45.984463+00:00,2026-04-20T07:50:45.984516+00:00
user_0162,0,0,0,1,0,0,2,0,1,22,computer,1,loyal_customer,0.9,4,2026-04-20T07:50:45.984524+00:00,2026-04-20T07:50:45.984548+00:00
user_0163,1,0,0,0,0,1,0,1,2,14,tablet,0,impulse_buyer,0.52,5,2026-04-20T07:50:45.984556+00:00,2026-04-20T07:50:45.984586+00:00
user_0164,2,0,2,2,0,3,0,2,1,39,mobile,0,researcher,0.58,12,2026-04-20T07:50:45.984594+00:00,2026-04-20T07:50:45.984679+00:00
user_0165,0,1,1,0,0,0,3,2,1,35,audio,1,loyal_customer,0.9,8,2026-04-20T07:50:45.984687+00:00,2026-04-20T07:50:45.984742+00:00
user_0166,0,1,2,3,0,0,2,1,3,42,audio,1,loyal_customer,0.9,12,2026-04-20T07:50:45.984749+00:00,2026-04-20T07:50:45.985810+00:00
user_0167,2,1,1,0,0,2,0,1,0,20,mobile,0,impulse_buyer,0.52,7,2026-04-20T07:50:45.985818+00:00,2026-04-20T07:50:45.985865+00:00
user_0168,2,1,1,1,0,2,3,1,0,48,wearable,1,loyal_customer,0.9,11,2026-04-20T07:50:45.985873+00:00,2026-04-20T07:50:45.985951+00:00
user_0169,2,0,1,0,0,1,1,1,3,28,wearable,1,impulse_buyer,0.52,9,2026-04-20T07:50:45.985959+00:00,2026-04-20T07:50:45.986014+00:00
user_0170,0,1,0,0,0,1,0,0,2,10,tablet,0,researcher,0.58,4,2026-04-20T07:50:45.986021+00:00,2026-04-20T07:50:45.986042+00:00
user_0171,2,1,2,1,0,1,2,1,0,37,wearable,1,loyal_customer,0.9,10,2026-04-20T07:50:45.986049+00:00,2026-04-20T07:50:45.986116+00:00
user_0172,3,1,1,1,0,1,1,2,1,34,audio,1,impulse_buyer,0.82,11,2026-04-20T07:50:45.986124+00:00,2026-04-20T07:50:45.986199+00:00
user_0173,1,1,1,0,0,0,0,2,0,11,audio,0,researcher,0.58,5,2026-04-20T07:50:45.986207+00:00,2026-04-20T07:50:45.986237+00:00
user_0174,1,3,3,2,0,0,2,0,0,35,audio,1,loyal_customer,0.9,11,2026-04-20T07:50:45.986244+00:00,2026-04-20T07:50:45.986322+00:00
user_0175,1,0,3,1,0,1,0,0,0,17,audio,0,researcher,0.58,6,2026-04-20T07:50:45.986329+00:00,2026-04-20T07:50:45.986368+00:00
user_0176,0,1,0,3,0,3,1,2,2,46,component,1,impulse_buyer,0.82,12,2026-04-20T07:50:45.986375+00:00,2026-04-20T07:50:45.987476+00:00
user_0177,1,2,2,2,0,1,0,1,3,30,computer,0,researcher,0.58,12,2026-04-20T07:50:45.987484+00:00,2026-04-20T07:50:45.987570+00:00
user_0178,0,1,0,1,0,1,3,1,0,37,wearable,1,loyal_customer,0.9,7,2026-04-20T07:50:45.987578+00:00,2026-04-20T07:50:45.987625+00:00
user_0179,1,0,2,1,0,0,3,3,1,45,tablet,1,loyal_customer,0.9,11,2026-04-20T07:50:45.987633+00:00,2026-04-20T07:50:45.987710+00:00
user_0180,0,2,1,1,0,1,0,0,0,13,tablet,0,researcher,0.58,5,2026-04-20T07:50:45.987718+00:00,2026-04-20T07:50:45.987750+00:00
user_0181,0,3,0,1,0,0,1,0,1,17,tablet,1,researcher,0.58,6,2026-04-20T07:50:45.987757+00:00,2026-04-20T07:50:45.987797+00:00
user_0182,0,0,1,1,0,2,1,2,2,34,wearable,1,impulse_buyer,0.82,9,2026-04-20T07:50:45.987804+00:00,2026-04-20T07:50:45.987867+00:00
user_0183,2,1,2,1,0,1,2,1,1,39,mobile,1,loyal_customer,0.9,11,2026-04-20T07:50:45.987874+00:00,2026-04-20T07:50:45.987952+00:00
user_0184,0,2,0,1,0,1,0,1,1,16,computer,0,researcher,0.58,6,2026-04-20T07:50:45.987960+00:00,2026-04-20T07:50:45.988000+00:00
user_0185,1,5,0,0,0,1,1,2,2,30,tablet,1,impulse_buyer,0.52,12,2026-04-20T07:50:45.988009+00:00,2026-04-20T07:50:45.989060+00:00
user_0186,3,0,0,0,0,1,1,1,5,32,component,1,impulse_buyer,0.52,11,2026-04-20T07:50:45.989068+00:00,2026-04-20T07:50:45.989148+00:00
user_0187,0,1,0,1,0,1,1,2,0,24,component,1,impulse_buyer,0.82,6,2026-04-20T07:50:45.989155+00:00,2026-04-20T07:50:45.989195+00:00
user_0188,2,1,0,1,0,0,1,2,2,27,component,1,impulse_buyer,0.52,9,2026-04-20T07:50:45.989202+00:00,2026-04-20T07:50:45.989264+00:00
user_0189,1,4,0,1,0,0,1,1,1,23,wearable,1,impulse_buyer,0.52,9,2026-04-20T07:50:45.989272+00:00,2026-04-20T07:50:45.989334+00:00
user_0190,0,2,2,0,0,3,1,1,1,34,wearable,1,impulse_buyer,0.82,10,2026-04-20T07:50:45.989342+00:00,2026-04-20T07:50:45.989412+00:00
user_0191,2,3,0,3,0,1,0,2,1,32,wearable,0,impulse_buyer,0.52,12,2026-04-20T07:50:45.989420+00:00,2026-04-20T07:50:45.989508+00:00
user_0192,0,0,1,1,0,1,0,1,1,16,mobile,0,researcher,0.58,5,2026-04-20T07:50:45.989516+00:00,2026-04-20T07:50:45.989547+00:00
user_0193,1,0,0,0,0,2,1,0,0,20,tablet,1,impulse_buyer,0.82,4,2026-04-20T07:50:45.989554+00:00,2026-04-20T07:50:45.989577+00:00
user_0194,1,0,2,1,0,1,4,1,2,54,computer,1,loyal_customer,0.9,12,2026-04-20T07:50:45.989585+00:00,2026-04-20T07:50:45.989671+00:00
user_0195,0,1,2,1,0,2,1,2,0,33,wearable,1,impulse_buyer,0.82,9,2026-04-20T07:50:45.989679+00:00,2026-04-20T07:50:45.990705+00:00
user_0196,4,1,2,1,0,1,1,1,0,33,wearable,1,impulse_buyer,0.82,11,2026-04-20T07:50:45.990713+00:00,2026-04-20T07:50:45.990792+00:00
user_0197,2,2,2,1,0,1,2,0,1,37,component,1,loyal_customer,0.9,11,2026-04-20T07:50:45.990800+00:00,2026-04-20T07:50:45.990878+00:00
user_0198,0,0,2,1,0,0,2,1,0,27,wearable,1,loyal_customer,0.9,6,2026-04-20T07:50:45.990886+00:00,2026-04-20T07:50:45.990924+00:00
user_0199,3,2,1,2,0,4,0,0,0,38,tablet,0,impulse_buyer,0.52,12,2026-04-20T07:50:45.990932+00:00,2026-04-20T07:50:45.991017+00:00
user_0200,1,1,0,2,0,0,1,0,4,27,tablet,1,impulse_buyer,0.82,9,2026-04-20T07:50:45.991024+00:00,2026-04-20T07:50:45.991086+00:00
user_0201,1,2,1,0,0,2,2,0,1,34,component,1,loyal_customer,0.9,9,2026-04-20T07:50:45.991093+00:00,2026-04-20T07:50:45.991155+00:00
user_0202,0,0,1,5,0,0,2,0,3,44,computer,1,loyal_customer,0.9,11,2026-04-20T07:50:45.991163+00:00,2026-04-20T07:50:45.991240+00:00
user_0203,0,1,0,4,0,2,1,4,0,47,audio,1,impulse_buyer,0.82,12,2026-04-20T07:50:45.991248+00:00,2026-04-20T07:50:45.992301+00:00
user_0204,1,0,0,1,0,0,1,0,1,16,component,1,impulse_buyer,0.52,4,2026-04-20T07:50:45.992309+00:00,2026-04-20T07:50:45.992333+00:00
user_0205,3,0,1,0,0,2,3,0,1,44,mobile,1,loyal_customer,0.9,10,2026-04-20T07:50:45.992341+00:00,2026-04-20T07:50:45.992412+00:00
user_0206,2,1,2,0,0,1,3,1,2,45,wearable,1,loyal_customer,0.9,12,2026-04-20T07:50:45.992419+00:00,2026-04-20T07:50:45.992506+00:00
user_0207,3,2,1,1,0,2,0,2,0,30,wearable,0,impulse_buyer,0.52,11,2026-04-20T07:50:45.992514+00:00,2026-04-20T07:50:45.992592+00:00
user_0208,0,1,1,3,0,0,1,3,2,36,audio,1,impulse_buyer,0.82,11,2026-04-20T07:50:45.992600+00:00,2026-04-20T07:50:45.992676+00:00
user_0209,2,2,0,0,0,0,0,0,1,8,mobile,0,impulse_buyer,0.52,5,2026-04-20T07:50:45.992684+00:00,2026-04-20T07:50:45.992715+00:00
user_0210,1,1,1,0,0,0,0,1,0,8,mobile,0,researcher,0.58,4,2026-04-20T07:50:45.992723+00:00,2026-04-20T07:50:45.992747+00:00
user_0211,0,0,1,1,0,1,3,1,2,42,tablet,1,loyal_customer,0.9,9,2026-04-20T07:50:45.992754+00:00,2026-04-20T07:50:45.992816+00:00
user_0212,0,0,1,1,0,1,0,1,1,16,component,0,researcher,0.58,5,2026-04-20T07:50:45.992823+00:00,2026-04-20T07:50:45.992854+00:00
user_0213,1,1,0,0,0,1,2,1,0,27,component,1,loyal_customer,0.9,6,2026-04-20T07:50:45.992862+00:00,2026-04-20T07:50:45.992901+00:00
user_0214,0,0,0,0,0,2,1,1,3,27,mobile,1,impulse_buyer,0.82,7,2026-04-20T07:50:45.992910+00:00,2026-04-20T07:50:45.993925+00:00
user_0215,0,0,1,0,0,1,2,1,0,26,wearable,1,loyal_customer,0.9,5,2026-04-20T07:50:45.993933+00:00,2026-04-20T07:50:45.993965+00:00
user_0216,0,1,0,1,0,1,3,1,0,37,audio,1,loyal_customer,0.9,7,2026-04-20T07:50:45.993973+00:00,2026-04-20T07:50:45.994020+00:00
user_0217,0,1,1,0,0,0,1,1,1,16,mobile,1,researcher,0.58,5,2026-04-20T07:50:45.994028+00:00,2026-04-20T07:50:45.994059+00:00
user_0218,1,1,0,1,0,2,0,0,1,19,computer,0,impulse_buyer,0.52,6,2026-04-20T07:50:45.994067+00:00,2026-04-20T07:50:45.994105+00:00
user_0219,0,1,0,0,0,3,0,1,1,21,mobile,0,researcher,0.58,6,2026-04-20T07:50:45.994113+00:00,2026-04-20T07:50:45.994152+00:00
user_0220,1,0,1,0,0,1,2,3,0,34,audio,1,loyal_customer,0.9,8,2026-04-20T07:50:45.994160+00:00,2026-04-20T07:50:45.994214+00:00
user_0221,2,3,1,1,0,2,1,1,1,36,mobile,1,impulse_buyer,0.82,12,2026-04-20T07:50:45.994222+00:00,2026-04-20T07:50:45.994307+00:00
user_0222,0,2,1,1,0,1,1,2,1,29,audio,1,impulse_buyer,0.82,9,2026-04-20T07:50:45.994314+00:00,2026-04-20T07:50:45.994376+00:00
user_0223,0,1,1,0,0,1,2,1,2,31,mobile,1,loyal_customer,0.9,8,2026-04-20T07:50:45.994384+00:00,2026-04-20T07:50:45.994438+00:00
user_0224,1,1,1,2,0,0,1,2,2,31,computer,1,impulse_buyer,0.82,10,2026-04-20T07:50:45.994446+00:00,2026-04-20T07:50:45.994517+00:00
user_0225,2,1,1,1,0,1,2,0,2,36,wearable,1,loyal_customer,0.9,10,2026-04-20T07:50:45.994524+00:00,2026-04-20T07:50:45.995543+00:00
user_0226,2,1,0,3,0,1,2,1,1,43,component,1,loyal_customer,0.9,11,2026-04-20T07:50:45.995551+00:00,2026-04-20T07:50:45.995685+00:00
user_0227,2,1,0,1,0,1,0,1,0,17,tablet,0,impulse_buyer,0.52,6,2026-04-20T07:50:45.995696+00:00,2026-04-20T07:50:45.995738+00:00
user_0228,0,0,2,0,0,1,0,0,1,11,computer,0,researcher,0.58,4,2026-04-20T07:50:45.995746+00:00,2026-04-20T07:50:45.995770+00:00
user_0229,1,0,1,1,0,0,2,0,0,24,tablet,1,loyal_customer,0.9,5,2026-04-20T07:50:45.995778+00:00,2026-04-20T07:50:45.995810+00:00
user_0230,1,2,2,1,0,1,3,1,0,44,audio,1,loyal_customer,0.9,11,2026-04-20T07:50:45.995818+00:00,2026-04-20T07:50:45.995897+00:00
user_0231,2,1,1,5,0,0,2,0,1,45,audio,1,loyal_customer,0.9,12,2026-04-20T07:50:45.995905+00:00,2026-04-20T07:50:45.995992+00:00
user_0232,3,1,1,0,0,1,1,2,0,28,audio,1,impulse_buyer,0.52,9,2026-04-20T07:50:45.996000+00:00,2026-04-20T07:50:45.996065+00:00
user_0233,1,0,0,1,0,0,1,2,3,26,computer,1,impulse_buyer,0.52,8,2026-04-20T07:50:45.996073+00:00,2026-04-20T07:50:45.996128+00:00
user_0234,2,0,1,1,0,0,0,1,0,13,computer,0,impulse_buyer,0.52,5,2026-04-20T07:50:45.996135+00:00,2026-04-20T07:50:45.996167+00:00
user_0235,3,2,0,0,0,4,2,0,1,46,computer,1,loyal_customer,0.9,12,2026-04-20T07:50:45.996174+00:00,2026-04-20T07:50:46.045486+00:00
user_0236,1,0,0,0,0,0,1,0,2,14,computer,1,impulse_buyer,0.52,4,2026-04-20T07:50:46.045493+00:00,2026-04-20T07:50:46.045515+00:00
user_0237,1,1,1,2,0,2,1,2,2,41,tablet,1,impulse_buyer,0.82,12,2026-04-20T07:50:46.045522+00:00,2026-04-20T07:50:46.045601+00:00
user_0238,3,0,2,1,0,2,1,1,2,39,mobile,1,impulse_buyer,0.82,12,2026-04-20T07:50:46.045608+00:00,2026-04-20T07:50:46.045702+00:00
user_0239,1,0,0,4,0,2,1,1,1,41,wearable,1,impulse_buyer,0.82,10,2026-04-20T07:50:46.045712+00:00,2026-04-20T07:50:46.045864+00:00
user_0240,0,1,2,2,0,5,1,0,0,46,wearable,1,impulse_buyer,0.82,11,2026-04-20T07:50:46.045879+00:00,2026-04-20T07:50:46.046095+00:00
user_0241,1,0,1,1,0,0,3,3,1,43,mobile,1,loyal_customer,0.9,10,2026-04-20T07:50:46.046103+00:00,2026-04-20T07:50:46.046178+00:00
user_0242,1,0,0,1,0,0,4,2,1,46,computer,1,loyal_customer,0.9,9,2026-04-20T07:50:46.046186+00:00,2026-04-20T07:50:46.046253+00:00
user_0243,2,0,2,0,0,0,0,2,1,16,tablet,0,researcher,0.58,7,2026-04-20T07:50:46.046262+00:00,2026-04-20T07:50:46.047294+00:00
user_0244,2,2,1,0,0,2,1,1,1,31,computer,1,impulse_buyer,0.82,10,2026-04-20T07:50:46.047305+00:00,2026-04-20T07:50:46.047378+00:00
user_0245,1,1,1,0,0,1,0,1,2,17,mobile,0,researcher,0.58,7,2026-04-20T07:50:46.047386+00:00,2026-04-20T07:50:46.047429+00:00
user_0246,1,0,1,0,0,0,2,0,0,20,wearable,1,loyal_customer,0.9,4,2026-04-20T07:50:46.047436+00:00,2026-04-20T07:50:46.047457+00:00
user_0247,2,3,0,1,0,0,1,0,0,19,computer,1,impulse_buyer,0.52,7,2026-04-20T07:50:46.047464+00:00,2026-04-20T07:50:46.047507+00:00
user_0248,2,1,1,0,0,3,0,3,1,33,computer,0,impulse_buyer,0.52,11,2026-04-20T07:50:46.047514+00:00,2026-04-20T07:50:46.047587+00:00
user_0249,1,0,2,0,0,1,0,1,2,18,component,0,researcher,0.58,7,2026-04-20T07:50:46.047595+00:00,2026-04-20T07:50:46.047642+00:00
user_0250,1,1,2,1,0,1,0,2,0,22,computer,0,researcher,0.58,8,2026-04-20T07:50:46.047650+00:00,2026-04-20T07:50:46.047703+00:00
user_0251,1,1,2,1,0,0,0,0,0,11,tablet,0,researcher,0.58,5,2026-04-20T07:50:46.047710+00:00,2026-04-20T07:50:46.047742+00:00
user_0252,1,0,1,3,0,1,1,0,1,31,audio,1,impulse_buyer,0.82,8,2026-04-20T07:50:46.047750+00:00,2026-04-20T07:50:46.047804+00:00
user_0253,0,1,0,2,0,0,1,0,1,19,wearable,1,impulse_buyer,0.82,5,2026-04-20T07:50:46.047812+00:00,2026-04-20T07:50:46.047843+00:00
user_0254,0,0,1,1,0,0,0,1,1,11,mobile,0,researcher,0.58,4,2026-04-20T07:50:46.047850+00:00,2026-04-20T07:50:46.047873+00:00
user_0255,1,0,2,1,0,1,4,1,2,54,audio,1,loyal_customer,0.9,12,2026-04-20T07:50:46.047880+00:00,2026-04-20T07:50:46.048911+00:00
user_0256,0,1,0,1,0,3,0,1,0,23,tablet,0,researcher,0.58,6,2026-04-20T07:50:46.048919+00:00,2026-04-20T07:50:46.048959+00:00
user_0257,4,0,1,1,0,1,1,0,1,29,wearable,1,impulse_buyer,0.82,9,2026-04-20T07:50:46.048967+00:00,2026-04-20T07:50:46.049033+00:00
user_0258,1,1,1,0,0,1,2,0,0,26,tablet,1,loyal_customer,0.9,6,2026-04-20T07:50:46.049041+00:00,2026-04-20T07:50:46.049081+00:00
user_0259,2,3,0,3,0,0,0,0,2,23,component,0,impulse_buyer,0.52,10,2026-04-20T07:50:46.049088+00:00,2026-04-20T07:50:46.049158+00:00
user_0260,2,0,1,0,0,2,1,2,2,34,wearable,1,impulse_buyer,0.82,10,2026-04-20T07:50:46.049166+00:00,2026-04-20T07:50:46.049236+00:00
user_0261,0,2,1,0,0,1,1,0,0,17,audio,1,researcher,0.58,5,2026-04-20T07:50:46.049243+00:00,2026-04-20T07:50:46.049274+00:00
user_0262,1,2,1,3,0,1,1,1,2,38,component,1,impulse_buyer,0.82,12,2026-04-20T07:50:46.049282+00:00,2026-04-20T07:50:46.049368+00:00
user_0263,0,2,2,1,0,0,0,2,1,18,mobile,0,researcher,0.58,8,2026-04-20T07:50:46.049376+00:00,2026-04-20T07:50:46.049430+00:00
user_0264,3,0,1,0,0,0,0,4,4,28,wearable,0,window_shopper,0.72,12,2026-04-20T07:50:46.049438+00:00,2026-04-20T07:50:46.050489+00:00
